STITCH_ID,SIDER_DrugName,PubChemCID,DrugID,MasterDrugName
CID100000137,5-aminolevulinic,137,212.0,Aminolevulinic acid
CID100000175,acetate,175,107.0,Acetate
CID100000187,acetylcholine,187,114.0,Acetylcholine
CID100000244,benzyl,244,402.0,Benzyl alcohol
CID100000247,betaine,247,414.0,Betaine
CID100000271,calcium,271,533.0,Calcium cation
CID100000305,choline,305,693.0,Choline
CID100000312,chloride,312,669.0,Chloride ion
CID100000444,bupropion,444,503.0,Bupropion
CID100000679,DMSO,679,997.0,Dimethyl sulfoxide
CID100000681,dopamine,681,1029.0,Dopamine
CID100000753,glycerol,753,1455.0,Glycerin
CID100000774,histamine,774,1505.0,Histamine
CID100000813,potassium,813,2405.0,Potassium cation
CID100000888,magnesium,888,1794.0,Magnesium cation
CID100000896,melatonin,896,1836.0,Melatonin
CID100000923,sodium,923,2697.0,Sodium cation
CID100000946,nitrite,946,2097.0,Nitrite
CID100000948,nitrous,948,2102.0,Nitrous oxide
CID100001046,pyrazinamide,1046,2496.0,Pyrazinamide
CID100001130,thiamine,1130,2887.0,Thiamine
CID100001727,4-AP,1727,842.0,Dalfampridine
CID100001775,phenytoin,1775,2327.0,Phenytoin
CID100001978,acebutolol,1978,99.0,Acebutolol
CID100001983,acetaminophen,1983,106.0,Acetaminophen
CID100001986,acetazolamide,1986,108.0,Acetazolamide
CID100001993,methacholine,1993,1880.0,Methacholine
CID100002082,albendazole,2082,144.0,Albendazole
CID100002083,salbutamol,2083,145.0,Albuterol
CID100002088,alendronate,2088,154.0,Alendronic acid
CID100002092,alfuzosin,2092,159.0,Alfuzosin
CID100002099,alosetron,2099,175.0,Alosetron
CID100002118,alprazolam,2118,179.0,Alprazolam
CID100002123,hexamethylmelamine,2123,183.0,Altretamine
CID100002130,amantadine,2130,197.0,Amantadine
CID100002140,diatrizoate,2140,947.0,Diatrizoate
CID100002141,amifostine,2141,206.0,Amifostine
CID100002145,aminoglutethimide,2145,210.0,Aminoglutethimide
CID100002148,p-aminohippurate,2148,211.0,Aminohippuric acid
CID100002159,amisulpride,2159,219.0,Amisulpride
CID100002160,amitriptyline,2160,222.0,Amitriptyline
CID100002162,amlodipine,2162,224.0,Amlodipine
CID100002170,amoxapine,2170,232.0,Amoxapine
CID100002179,amsacrine,2179,241.0,Amsacrine
CID100002187,anastrozole,2187,245.0,Anastrozole
CID100002216,apraclonidine,2216,264.0,Apraclonidine
CID100002244,aspirin,2244,119.0,Acetylsalicylic acid
CID100002265,azathioprine,2265,333.0,Azathioprine
CID100002266,azelaic,2266,334.0,Azelaic acid
CID100002267,azelastine,2267,335.0,Azelastine
CID100002315,bendrofluazide,2315,378.0,Bendroflumethiazide
CID100002337,benzocaine,2337,394.0,Benzocaine
CID100002351,bepridil,2351,407.0,Bepridil
CID100002366,betahistine,2366,413.0,Betahistine
CID100002369,betaxolol,2369,417.0,Betaxolol
CID100002370,bethanechol,2370,418.0,Bethanechol
CID100002391,bisacodyl,2391,442.0,Bisacodyl
CID100002405,bisoprolol,2405,448.0,Bisoprolol
CID100002431,bretylium,2431,466.0,Bretylium
CID100002435,brimonidine,2435,471.0,Brimonidine
CID100002441,bromazepam,2441,476.0,Bromazepam
CID100002471,bumetanide,2471,497.0,Bumetanide
CID100002474,bupivacaine,2474,500.0,Bupivacaine
CID100002477,buspirone,2477,504.0,Buspirone
CID100002478,busulfan,2478,505.0,Busulfan
CID100002479,butabarbital,2479,506.0,Butabarbital
CID100002519,caffeine,2519,529.0,Caffeine
CID100002540,candesartan,2540,545.0,Candesartan cilexetil
CID100002541,candesartan,2541,544.0,Candesartan
CID100002551,carbachol,2551,565.0,Carbamoylcholine
CID100002554,carbamazepine,2554,564.0,Carbamazepine
CID100002564,carbinoxamine,2564,570.0,Carbinoxamine
CID100002576,carisoprodol,2576,585.0,Carisoprodol
CID100002578,BCNU,2578,588.0,Carmustine
CID100002583,carteolol,2583,592.0,Carteolol
CID100002585,carvedilol,2585,593.0,Carvedilol
CID100002662,celecoxib,2662,647.0,Celecoxib
CID100002663,celiprolol,2663,648.0,Celiprolol
CID100002678,cetirizine,2678,660.0,Cetirizine
CID100002708,chlorambucil,2708,663.0,Chlorambucil
CID100002712,chlordiazepoxide,2712,667.0,Chlordiazepoxide
CID100002719,chloroquine,2719,676.0,Chloroquine
CID100002720,thiazide,2720,677.0,Chlorothiazide
CID100002725,chlorpheniramine,2725,679.0,Chlorpheniramine
CID100002726,chlorpromazine,2726,684.0,Chlorpromazine
CID100002727,chlorpropamide,2727,685.0,Chlorpropamide
CID100002733,chlorzoxazone,2733,689.0,Chlorzoxazone
CID100002749,ciclopirox,2749,700.0,Ciclopirox
CID100002754,cilostazol,2754,709.0,Cilostazol
CID100002756,cimetidine,2756,710.0,Cimetidine
CID100002762,cinoxacin,2762,721.0,Cinoxacin
CID100002764,ciprofloxacin,2764,723.0,Ciprofloxacin
CID100002771,citalopram,2771,726.0,Citalopram
CID100002789,clobazam,2789,737.0,Clobazam
CID100002794,clofazimine,2794,745.0,Clofazimine
CID100002801,clomipramine,2801,753.0,Clomipramine
CID100002802,clonazepam,2802,755.0,Clonazepam
CID100002803,clonidine,2803,756.0,Clonidine
CID100002809,clorazepate,2809,764.0,Clorazepic acid
CID100002812,clotrimazole,2812,774.0,Clotrimazole
CID100002895,cyclobenzaprine,2895,807.0,Cyclobenzaprine
CID100002905,cyclopentolate,2905,812.0,Cyclopentolate
CID100002907,cyclophosphamide,2907,813.0,Cyclophosphamide
CID100002913,cyproheptadine,2913,820.0,Cyproheptadine
CID100002955,dapsone,2955,853.0,Dapsone
CID100002972,deferiprone,2972,873.0,Deferiprone
CID100002995,desipramine,2995,898.0,Desipramine
CID100003007,amphetamine,3007,235.0,Amphetamine
CID100003009,DFMO,3009,1079.0,Eflornithine
CID100003016,diazepam,3016,948.0,Diazepam
CID100003019,diazoxide,3019,949.0,Diazoxide
CID100003038,dichlorphenamide,3038,956.0,Diclofenamide
CID100003042,dicyclomine,3042,959.0,Dicyclomine
CID100003059,diflunisal,3059,974.0,Diflunisal
CID100003080,dimercaprol,3080,994.0,Dimercaprol
CID100003105,dipivefrin,3105,1009.0,Dipivefrin
CID100003108,dipyridamole,3108,1011.0,Dipyridamole
CID100003114,disopyramide,3114,1014.0,Disopyramide
CID100003117,disulfiram,3117,1016.0,Disulfiram
CID100003156,doxapram,3156,1040.0,Doxapram
CID100003157,doxazosin,3157,1041.0,Doxazosin
CID100003168,droperidol,3168,1052.0,Droperidol
CID100003182,dyphylline,3182,1065.0,Dyphylline
CID100003202,edrophonium,3202,1075.0,Edrophonium
CID100003219,emedastine,3219,1099.0,Emedastine
CID100003226,enflurane,3226,1114.0,Enflurane
CID100003241,epinastine,3241,1136.0,Epinastine
CID100003261,estazolam,3261,1169.0,Estazolam
CID100003278,ethacrynic,3278,1182.0,Etacrynic acid
CID100003291,ethosuximide,3291,1194.0,Ethosuximide
CID100003292,ethotoin,3292,1195.0,Ethotoin
CID100003305,etidronate,3305,1204.0,Etidronic acid
CID100003331,felbamate,3331,1244.0,Felbamate
CID100003333,felodipine,3333,1247.0,Felodipine
CID100003339,fenofibrate,3339,1252.0,Fenofibrate
CID100003342,fenoprofen,3342,1255.0,Fenoprofen
CID100003345,fentanyl,3345,1263.0,Fentanyl
CID100003348,fexofenadine,3348,1278.0,Fexofenadine
CID100003354,flavoxate,3354,1291.0,Flavoxate
CID100003365,fluconazole,3365,1305.0,Fluconazole
CID100003366,5-fluorocytosine,3366,1306.0,Flucytosine
CID100003372,fluphenazine,3372,1332.0,Fluphenazine
CID100003373,flumazenil,3373,1312.0,Flumazenil
CID100003380,flunitrazepam,3380,1316.0,Flunitrazepam
CID100003385,5-FU,3385,1328.0,Fluorouracil
CID100003393,flurazepam,3393,1339.0,Flurazepam
CID100003397,flutamide,3397,1343.0,Flutamide
CID100003406,4-methylpyrazole,3406,1350.0,Fomepizole
CID100003440,furosemide,3440,1382.0,Furosemide
CID100003446,gabapentin,3446,1395.0,Gabapentin
CID100003463,gemfibrozil,3463,1423.0,Gemfibrozil
CID100003467,gentamicin,3467,1428.0,Gentamicin
CID100003475,gliclazide,3475,1447.0,Gliclazide
CID100003476,glimepiride,3476,1448.0,Glimepiride
CID100003478,glipizide,3478,1449.0,Glipizide
CID100003488,glibenclamide,3488,1454.0,Glyburide
CID100003494,glycopyrrolate,3494,1459.0,Glycopyrronium
CID100003519,guanfacine,3519,1476.0,Guanfacine
CID100003520,guanidinium,3520,1477.0,Guanidine
CID100003559,haloperidol,3559,1489.0,Haloperidol
CID100003637,hydralazine,3637,1512.0,Hydralazine
CID100003639,hydrochlorothiazide,3639,1513.0,Hydrochlorothiazide
CID100003647,hydroflumethiazide,3647,1525.0,Hydroflumethiazide
CID100003652,hydroxychloroquine,3652,1533.0,Hydroxychloroquine
CID100003657,hydroxyurea,3657,1538.0,Hydroxyurea
CID100003658,hydroxyzine,3658,1539.0,Hydroxyzine
CID100003675,phenelzine,3675,2295.0,Phenelzine
CID100003676,lidocaine,3676,1720.0,Lidocaine
CID100003690,ifosfamide,3690,1566.0,Ifosfamide
CID100003696,imipramine,3696,1578.0,Imipramine
CID100003715,indomethacin,3715,1594.0,Indomethacin
CID100003724,iodixanol,3724,1601.0,Iodixanol
CID100003730,iohexol,3730,1604.0,Iohexol
CID100003736,iopromide,3736,1605.0,Iopromide
CID100003737,sodium,3737,1606.0,Iothalamic acid
CID100003741,ioversol,3741,1607.0,Ioversol
CID100003743,ioxilan,3743,1608.0,Ioxilan
CID100003749,irbesartan,3749,1617.0,Irbesartan
CID100003759,isocarboxazid,3759,1627.0,Isocarboxazid
CID100003763,isoflurane,3763,1630.0,Isoflurane
CID100003767,isoniazid,3767,1632.0,Isoniazid
CID100003779,isoproterenol,3779,1633.0,Isoprenaline
CID100003784,isradipine,3784,1642.0,Isradipine
CID100003826,ketorolac,3826,1662.0,Ketorolac
CID100003827,ketotifen,3827,1663.0,Ketotifen
CID100003869,labetalol,3869,1667.0,Labetalol
CID100003878,lamotrigine,3878,1674.0,Lamotrigine
CID100003899,leflunomide,3899,1692.0,Leflunomide
CID100003902,letrozole,3902,1704.0,Letrozole
CID100003948,lomefloxacin,3948,1742.0,Lomefloxacin
CID100003950,lomustine,3950,1747.0,Lomustine
CID100003957,loratadine,3957,1755.0,Loratadine
CID100003958,lorazepam,3958,1756.0,Lorazepam
CID100003961,losartan,3961,1764.0,Losartan
CID100003964,loxapine,3964,1767.0,Loxapine
CID100004004,malathion,4004,1799.0,Malathion
CID100004011,maprotiline,4011,1805.0,Maprotiline
CID100004031,mebeverine,4031,1816.0,Mebeverine
CID100004033,nitrogen,4033,1822.0,Mechlorethamine
CID100004034,monamine,4034,1823.0,Meclizine
CID100004044,mefenamic,4044,1831.0,Mefenamic acid
CID100004054,memantine,4054,1844.0,Memantine
CID100004057,Cantril,4057,1847.0,Mepenzolate
CID100004058,meperidine,4058,1848.0,Meperidine
CID100004060,mephenytoin,4060,1853.0,Mephenytoin
CID100004062,mepivacaine,4062,1855.0,Mepivacaine
CID100004064,meprobamate,4064,1857.0,Meprobamate
CID100004075,5-ASA,4075,1865.0,Mesalazine
CID100004086,metaproterenol,4086,2162.0,Orciprenaline
CID100004091,metformin,4091,1879.0,Metformin
CID100004101,methenamine,4101,1889.0,Methenamine
CID100004107,methocarbamol,4107,1891.0,Methocarbamol
CID100004114,8-MOP,4114,1897.0,Methoxsalen
CID100004121,methyclothiazide,4121,1902.0,Methyclothiazide
CID100004168,metoclopramide,4168,1931.0,Metoclopramide
CID100004170,metolazone,4170,1933.0,Metolazone
CID100004171,metoprolol,4171,1935.0,Metoprolol
CID100004173,metronidazole,4173,1937.0,Metronidazole
CID100004174,metyrapone,4174,1938.0,Metyrapone
CID100004184,mianserin,4184,1942.0,Mianserin
CID100004189,miconazole,4189,1946.0,Miconazole
CID100004192,midazolam,4192,1948.0,Midazolam
CID100004195,midodrine,4195,1950.0,Midodrine
CID100004197,milrinone,4197,1956.0,Milrinone
CID100004201,minoxidil,4201,1960.0,Minoxidil
CID100004211,mitotane,4211,1970.0,Mitotane
CID100004212,mitoxantrone,4212,1971.0,Mitoxantrone
CID100004235,moclobemide,4235,1977.0,Moclobemide
CID100004409,nabumetone,4409,2018.0,Nabumetone
CID100004421,nalidixic,4421,2027.0,Nalidixic acid
CID100004436,naphazoline,4436,2039.0,Naphazoline
CID100004440,naratriptan,4440,2042.0,Naratriptan
CID100004449,nefazodone,4449,2052.0,Nefazodone
CID100004456,neostigmine,4456,2059.0,Neostigmine
CID100004463,nevirapine,4463,2065.0,Nevirapine
CID100004485,nifedipine,4485,2075.0,Nifedipine
CID100004493,nilutamide,4493,2082.0,Nilutamide
CID100004497,nimodipine,4497,2085.0,Nimodipine
CID100004499,nisoldipine,4499,2092.0,Nisoldipine
CID100004506,nitrazepam,4506,2094.0,Nitrazepam
CID100004510,nitroglycerin,4510,2100.0,Nitroglycerin
CID100004513,nizatidine,4513,2103.0,Nizatidine
CID100004539,norfloxacin,4539,2118.0,Norfloxacin
CID100004543,nortriptyline,4543,2122.0,Nortriptyline
CID100004595,ondansetron,4595,2157.0,Ondansetron
CID100004601,orphenadrine,4601,2167.0,Orphenadrine
CID100004614,oxaprozin,4614,2184.0,Oxaprozin
CID100004616,oxazepam,4616,2186.0,Oxazepam
CID100004631,oxprenolol,4631,2195.0,Oxprenolol
CID100004634,oxybutynin,4634,2198.0,Oxybutynin
CID100004649,APAs,4649,217.0,Aminosalicylic acid
CID100004679,pantoprazole,4679,2228.0,Pantoprazole
CID100004680,papaverine,4680,2230.0,Papaverine
CID100004735,pentamidine,4735,2263.0,Pentamidine
CID100004737,pentobarbital,4737,2267.0,Pentobarbital
CID100004740,pentoxifylline,4740,2271.0,Pentoxifylline
CID100004746,perhexiline,4746,2278.0,Perhexiline
CID100004747,propericiazine,4747,2279.0,Periciazine
CID100004748,perphenazine,4748,2285.0,Perphenazine
CID100004756,phenylazo,4756,2292.0,Phenazopyridine
CID100004763,phenobarbital,4763,2308.0,Phenobarbital
CID100004768,phenoxybenzamine,4768,2313.0,Phenoxybenzamine
CID100004771,phentermine,4771,2320.0,Phentermine
CID100004775,4-PBA,4775,2325.0,Phenylbutyric acid
CID100004810,moxonidine,4810,2003.0,Moxonidine
CID100004828,pindolol,4828,2349.0,Pindolol
CID100004829,pioglitazone,4829,2351.0,Pioglitazone
CID100004845,pirbuterol,4845,2365.0,Pirbuterol
CID100004893,prazosin,4893,2424.0,Prazosin
CID100004906,prilocaine,4906,2442.0,Prilocaine
CID100004908,primaquine,4908,2443.0,Primaquine
CID100004909,primidone,4909,2444.0,Primidone
CID100004911,probenecid,4911,2445.0,Probenecid
CID100004913,procainamide,4913,2447.0,Procainamide
CID100004914,procaine,4914,2448.0,Procaine
CID100004915,procarbazine,4915,2449.0,Procarbazine
CID100004917,prochlorperazine,4917,2451.0,Prochlorperazine
CID100004927,promethazine,4927,2460.0,Promethazine
CID100004934,propantheline,4934,2463.0,Propantheline
CID100004935,proparacaine,4935,2464.0,Proparacaine
CID100004943,propofol,4943,2472.0,Propofol
CID100004976,protriptyline,4976,2487.0,Protriptyline
CID100004991,pyridostigmine,4991,2498.0,Pyridostigmine
CID100004992,mepyramine,4992,1859.0,Mepyramine
CID100004993,pyrimethamine,4993,2499.0,Pyrimethamine
CID100004999,quazepam,4999,2502.0,Quazepam
CID100005002,quetiapine,5002,2504.0,Quetiapine
CID100005035,raloxifene,5035,2525.0,Raloxifene
CID100005070,riluzole,5070,2579.0,Riluzole
CID100005073,risperidone,5073,2588.0,Risperidone
CID100005078,rizatriptan,5078,2598.0,Rizatriptan
CID100005090,rofecoxib,5090,2604.0,Rofecoxib
CID100005095,ropinirole,5095,2613.0,Ropinirole
CID100005152,salmeterol,5152,2638.0,Salmeterol
CID100005161,salsalate,5161,2639.0,Salsalate
CID100005193,secobarbital,5193,2653.0,Secobarbital
CID100005206,sevoflurane,5206,2678.0,Sevoflurane
CID100005210,sibutramine,5210,2679.0,Sibutramine
CID100005245,risedronate,5245,2587.0,Risedronic acid
CID100005253,sotalol,5253,2710.0,Sotalol
CID100005291,imatinib,5291,1572.0,Imatinib
CID100005311,vorinostat,5311,3118.0,Vorinostat
CID100005314,succinylcholine,5314,2735.0,Succinylcholine
CID100005318,sulconazole,5318,2742.0,Sulconazole
CID100005320,sulfacetamide,5320,2743.0,Sulfacetamide
CID100005329,sulfamethoxazole,5329,2755.0,Sulfamethoxazole
CID100005333,sulfonamide,5333,2761.0,Sulfanilamide
CID100005358,sumatriptan,5358,2778.0,Sumatriptan
CID100005359,suprofen,5359,2780.0,Suprofen
CID100005379,gatifloxacin,5379,1416.0,Gatifloxacin
CID100005381,tazarotene,5381,2814.0,Tazarotene
CID100005391,temazepam,5391,2834.0,Temazepam
CID100005394,temozolomide,5394,2838.0,Temozolomide
CID100005401,terazosin,5401,2851.0,Terazosin
CID100005403,terbutaline,5403,2853.0,Terbutaline
CID100005411,tetracaine,5411,2871.0,Tetracaine
CID100005419,tetrahydrozoline,5419,2879.0,Tetryzoline
CID100005426,thalidomide,5426,2883.0,Thalidomide
CID100005430,thiabendazole,5430,2886.0,Thiabendazole
CID100005452,thioridazine,5452,2897.0,Thioridazine
CID100005453,thiotepa,5453,2900.0,Thiotepa
CID100005468,tiaprofenic,5468,2908.0,Tiaprofenic acid
CID100005472,ticlopidine,5472,2912.0,Ticlopidine
CID100005479,tinidazole,5479,2922.0,Tinidazole
CID100005483,tiopronin,5483,2927.0,Tiopronin
CID100005487,tizanidine,5487,2939.0,Tizanidine
CID100005503,tolazamide,5503,2947.0,Tolazamide
CID100005505,tolbutamide,5505,2949.0,Tolbutamide
CID100005524,tramazoline,5524,2967.0,Tramazoline
CID100005526,tranexamic,5526,2972.0,Tranexamic acid
CID100005533,trazodone,5533,2977.0,Trazodone
CID100005546,triamterene,5546,2986.0,Triamterene
CID100005556,triazolam,5556,2988.0,Triazolam
CID100005565,trien,5565,2995.0,Triethylenetetramine
CID100005566,trifluoperazine,5566,2996.0,Trifluoperazine
CID100005572,trihexyphenidyl,5572,3002.0,Trihexyphenidyl
CID100005576,trimethadione,5576,3007.0,Trimethadione
CID100005577,trimethobenzamide,5577,3009.0,Trimethobenzamide
CID100005584,trimipramine,5584,3011.0,Trimipramine
CID100005593,tropicamide,5593,3024.0,Tropicamide
CID100005625,delavirdine,5625,881.0,Delavirdine
CID100005656,venlafaxine,5656,3084.0,Venlafaxine
CID100005665,vigabatrin,5665,3092.0,Vigabatrin
CID100005717,zafirlukast,5717,3134.0,Zafirlukast
CID100005719,zaleplon,5719,3136.0,Zaleplon
CID100005732,zolpidem,5732,3156.0,Zolpidem
CID100005734,zonisamide,5734,3158.0,Zonisamide
CID100005746,mitomycin,5746,1969.0,Mitomycin
CID100005775,phentolamine,5775,2321.0,Phentolamine
CID100005878,oxandrolone,5878,2182.0,Oxandrolone
CID100005978,vincristine,5978,3100.0,Vincristine
CID100006058,cysteamine,6058,822.0,Cysteamine
CID100006238,17-hydroxyprogesterone,6238,1535.0,Hydroxyprogesterone
CID100006256,trifluorothymidine,6256,2999.0,Trifluridine
CID100006432,Optison,6432,2276.0,Perflutren
CID100006468,phencyclidine,6468,2293.0,Phencyclidine
CID100006476,methsuximide,6476,1901.0,Methsuximide
CID100006726,cyclizine,6726,805.0,Cyclizine
CID100007029,diethylpropion,7029,967.0,Diethylpropion
CID100007699,benzonatate,7699,397.0,Benzonatate
CID100008612,chloroprocaine,8612,674.0,Chloroprocaine
CID100008982,nafcillin,8982,2022.0,Nafcillin
CID100009034,methohexital,9034,1892.0,Methohexital
CID100009433,aminophylline,9433,215.0,Aminophylline
CID100009904,nandrolone,9904,2036.0,Nandrolone
CID100010100,propoxyphene,10100,939.0,Dextropropoxyphene
CID100010413,hydroxybutyrate,10413,3167.0,gamma-Hydroxybutyric acid
CID100010660,dimenhydrinate,10660,993.0,Dimenhydrinate
CID100012555,benzydamine,12555,401.0,Benzydamine
CID100012597,isomannide,12597,1635.0,Isosorbide
CID100013314,lormetazepam,13314,1760.0,Lormetazepam
CID100013342,vinblastine,13342,3098.0,Vinblastine
CID100014888,arsenic,14888,287.0,Arsenic trioxide
CID100015459,metaxalone,15459,1876.0,Metaxalone
CID100016362,pimozide,16362,2345.0,Pimozide
CID100016850,fluorescein,16850,1325.0,Fluorescein
CID100022318,gold,22318,2695.0,Sodium aurothiomalate
CID100023897,molindone,23897,1981.0,Molindone
CID100023925,Fe(III,23925,1620.0,Iron
CID100023976,chromium,23976,695.0,Chromium
CID100023978,copper,23978,787.0,Copper
CID100023994,zinc,23994,3147.0,Zinc
CID100024841,iodide,24841,1526.0,Hydrogen iodide
CID100025419,clodronate,25419,743.0,Clodronic acid
CID100027304,HMDP,27304,2190.0,Oxidronic acid
CID100027400,pizotifen,27400,2384.0,Pizotifen
CID100027661,isosorbide-5-mononitrate,27661,1637.0,Isosorbide mononitrate
CID100028486,lithium,28486,1735.0,Lithium cation
CID100031072,carbimazole,31072,569.0,Carbimazole
CID100031264,paraldehyde,31264,2231.0,Paraldehyde
CID100031378,fludrocortisone,31378,1309.0,Fludrocortisone
CID100031477,metipranolol,31477,1929.0,Metipranolol
CID100034312,oxcarbazepine,34312,2188.0,Oxcarbazepine
CID100036811,dobutamine,36811,1020.0,Dobutamine
CID100039042,bezafibrate,39042,426.0,Bezafibrate
CID100040973,desogestrel,40973,902.0,Desogestrel
CID100041693,sufentanil,41693,2738.0,Sufentanil
CID100041781,torasemide,41781,2961.0,Torasemide
CID100042113,desflurane,42113,897.0,Desflurane
CID100047320,cisatracurium,47320,314.0,Atracurium besylate
CID100047528,nicorandil,47528,2072.0,Nicorandil
CID100050294,nedocromil,50294,2051.0,Nedocromil
CID100051263,alfentanil,51263,158.0,Alfentanil
CID100054158,mebrofenin,54158,1819.0,Mebrofenin
CID100054454,simvastatin,54454,2686.0,Simvastatin
CID100055331,moexiprilat,55331,1979.0,Moexiprilat
CID100056959,ranolazine,56959,2534.0,Ranolazine
CID100057469,imiquimod,57469,1580.0,Imiquimod
CID100059708,levetiracetam,59708,1208.0,Etiracetam
CID100059768,esmolol,59768,1166.0,Esmolol
CID100060172,adefovir,60172,129.0,Adefovir
CID100060198,exemestane,60198,1227.0,Exemestane
CID100060490,zileuton,60490,3144.0,Zileuton
CID100060613,cidofovir,60613,701.0,Cidofovir
CID100060714,gadoteridol,60714,1404.0,Gadoteridol
CID100060726,bromfenac,60726,477.0,Bromfenac
CID100060795,aripiprazole,60795,282.0,Aripiprazole
CID100060852,ibandronate,60852,1546.0,Ibandronate
CID100060860,metaiodobenzylguanidine,60860,1600.0,Iobenguane
CID100060871,adefovir,60871,130.0,Adefovir dipivoxil
CID100060877,emtricitabine,60877,1106.0,Emtricitabine
CID100060953,capecitabine,60953,555.0,Capecitabine
CID100062358,ammonium,62358,227.0,Ammonium lactate
CID100062956,fosinoprilat,62956,1366.0,Fosinoprilat
CID100062959,trovafloxacin,62959,3027.0,Trovafloxacin
CID100064929,fenofibric,64929,1253.0,Fenofibric acid
CID100065157,testosterone,65157,2870.0,Testosterone undecanoate
CID100065628,bendamustine,65628,376.0,Bendamustine
CID100065856,reboxetine,65856,1168.0,Esreboxetine
CID100065866,lercanidipine,65866,1699.0,Lercanidipine
CID100065999,telmisartan,65999,2831.0,Telmisartan
CID100068844,brinzolamide,68844,473.0,Brinzolamide
CID100071158,acamprosate,71158,97.0,Acamprosate
CID100071301,nebivolol,71301,2049.0,Nebivolol
CID100071329,dofetilide,71329,1024.0,Dofetilide
CID100071360,iloperidone,71360,1568.0,Iloperidone
CID100071616,voriconazole,71616,3117.0,Voriconazole
CID100072022,perindoprilat,72022,2282.0,Perindoprilat
CID100073303,doripenem,73303,1034.0,Doripenem
CID100074989,atovaquone,74989,313.0,Atovaquone
CID100077992,frovatriptan,77992,1376.0,Frovatriptan
CID100077993,eletriptan,77993,1089.0,Eletriptan
CID100082146,bexarotene,82146,425.0,Bexarotene
CID100082148,agomelatine,82148,139.0,Agomelatine
CID100104741,ICI,104741,1378.0,Fulvestrant
CID100104799,fotemustine,104799,1374.0,Fotemustine
CID100104865,bosentan,104865,462.0,Bosentan
CID100107994,quinaprilat,107994,2509.0,Quinaprilat
CID100110635,tadalafil,110635,2788.0,Tadalafil
CID100115237,paliperidone,115237,2221.0,Paliperidone
CID100119182,clofarabine,119182,744.0,Clofarabine
CID100119607,valdecoxib,119607,3063.0,Valdecoxib
CID100119828,parecoxib,119828,2235.0,Parecoxib
CID100121892,retigabine,121892,1230.0,Ezogabine
CID100123606,almotriptan,123606,172.0,Almotriptan
CID100123619,etoricoxib,123619,1217.0,Etoricoxib
CID100123631,gefitinib,123631,1420.0,Gefitinib
CID100124087,desloratadine,124087,900.0,Desloratadine
CID100125017,desvenlafaxine,125017,908.0,Desvenlafaxine
CID100129228,rufinamide,129228,2625.0,Rufinamide
CID100132971,abiraterone,132971,94.0,Abiraterone
CID100132999,ivabradine,132999,1645.0,Ivabradine
CID100134018,febuxostat,134018,1242.0,Febuxostat
CID100134019,pixantrone,134019,2383.0,Pixantrone
CID100134780,pomalidomide,134780,2398.0,Pomalidomide
CID100145068,nitric,145068,2096.0,Nitric Oxide
CID100148121,pralatrexate,148121,2411.0,Pralatrexate
CID100148192,atazanavir,148192,306.0,Atazanavir
CID100150311,ezetimibe,150311,1229.0,Ezetimibe
CID100150610,ertapenem,150610,1157.0,Ertapenem
CID100151075,nepafenac,151075,2060.0,Nepafenac
CID100151171,conivaptan,151171,785.0,Conivaptan
CID100153994,clevidipine,153994,733.0,Clevidipine
CID100157920,lubiprostone,157920,1769.0,Lubiprostone
CID100158781,olmesartan,158781,2143.0,Olmesartan
CID100176870,erlotinib,176870,1156.0,Erlotinib
CID100179344,eslicarbazepine,179344,1164.0,Eslicarbazepine acetate
CID100193962,etravirine,193962,1220.0,Etravirine
CID100208898,dronedarone,208898,1051.0,Dronedarone
CID100208902,ramelteon,208902,2529.0,Ramelteon
CID100208908,lapatinib,208908,1682.0,Lapatinib
CID100213039,darunavir,213039,860.0,Darunavir
CID100213046,lurasidone,213046,1776.0,Lurasidone
CID100216210,dabigatran,216210,832.0,Dabigatran
CID100216235,sitaxsentan,216235,2693.0,Sitaxentan
CID100216237,tolvaptan,216237,2957.0,Tolvaptan
CID100216326,lenalidomide,216326,1696.0,Lenalidomide
CID100219024,regadenoson,219024,2538.0,Regadenoson
CID100219078,lacosamide,219078,1669.0,Lacosamide
CID100222786,cortisone,222786,790.0,Cortisone
CID100449193,roflumilast,449193,2605.0,Roflumilast
CID100477468,FK463,477468,1945.0,Micafungin
CID100644241,nilotinib,644241,2080.0,Nilotinib
CID100657298,propylthiouracil,657298,2474.0,Propylthiouracil
CID100667490,6-mercaptopurine,667490,1861.0,Mercaptopurine
CID101349907,methimazole,1349907,1890.0,Methimazole
CID102723601,6-thioguanine,2723601,2926.0,Tioguanine
CID102761171,ethionamide,2761171,1193.0,Ethionamide
CID103010818,d-telaprevir,3010818,2828.0,Telaprevir
CID103052762,prucalopride,3052762,2490.0,Prucalopride
CID103062316,dasatinib,3062316,862.0,Dasatinib
CID103081361,vandetanib,3081361,3075.0,Vandetanib
CID103081362,telavancin,3081362,2829.0,Telavancin
CID104369359,sitagliptin,4369359,2692.0,Sitagliptin
CID104659569,tolcapone,4659569,2950.0,Tolcapone
CID105277135,elvitegravir,5277135,1098.0,Elvitegravir
CID105310993,acipimox,5310993,120.0,Acipimox
CID105311167,halobetasol,5311167,3046.0,Ulobetasol
CID105328940,bosutinib,5328940,463.0,Bosutinib
CID105464096,ramiprilat,5464096,2531.0,Ramiprilat
CID106326970,selenium,6326970,2658.0,Selenium
CID106442177,everolimus,6442177,1224.0,Everolimus
CID106445540,ixabepilone,6445540,1648.0,Ixabepilone
CID106918182,strontium,6918182,2733.0,Strontium ranelate
CID106918456,prasugrel,6918456,2421.0,Prasugrel
CID106918462,retapamulin,6918462,2561.0,Retapamulin
CID106918558,fesoterodine,6918558,1276.0,Fesoterodine
CID106918638,belinostat,6918638,367.0,Belinostat
CID109853053,lomitapide,9853053,1746.0,Lomitapide
CID109854489,fluticasone,9854489,1345.0,Fluticasone furoate
CID109865528,mirabegron,9865528,1961.0,Mirabegron
CID109869929,avanafil,9869929,321.0,Avanafil
CID109871419,ticagrelor,9871419,2910.0,Ticagrelor
CID109887712,dapagliflozin,9887712,849.0,Dapagliflozin
CID109924495,perampanel,9924495,2272.0,Perampanel
CID109941444,SOM230,9941444,2241.0,Pasireotide
CID109966051,Lu,9966051,3119.0,Vortioxetine
CID110096344,linagliptin,10096344,1724.0,Linagliptin
CID110113978,pazopanib,10113978,2244.0,Pazopanib
CID110178705,besifloxacin,10178705,412.0,Besifloxacin
CID110182969,apixaban,10182969,262.0,Apixaban
CID110324367,boceprevir,10324367,454.0,Boceprevir
CID110482134,glycerol,10482134,1456.0,Glycerol phenylbutyrate
CID111001318,tafamidis,11001318,2789.0,Tafamidis
CID111167602,regorafenib,11167602,2539.0,Regorafenib
CID111234049,TR-700,11234049,2821.0,Tedizolid
CID111304743,riociguat,11304743,2584.0,Riociguat
CID111501341,florbetaben,11501341,1297.0,Florbetaben F-18
CID111556711,Carfilzomib,11556711,580.0,Carfilzomib
CID111707110,trametinib,11707110,2968.0,Trametinib
CID111949646,empagliflozin,11949646,1105.0,Empagliflozin
CID115951529,MDV3100,15951529,1128.0,Enzalutamide
CID116004692,macitentan,16004692,1790.0,Macitentan
CID116129617,cosyntropin,16129617,2872.0,Tetracosactide
CID116129704,Bivalirudin,16129704,451.0,Bivalirudin
CID116136245,degarelix,16136245,875.0,Degarelix
CID119371515,alcaftadine,19371515,146.0,Alcaftadine
CID124776445,vismodegib,24776445,3109.0,Vismodegib
CID124812758,canagliflozin,24812758,543.0,Canagliflozin
CID124822371,florbetapir,24822371,1298.0,Florbetapir F-18
CID124826799,ponatinib,24826799,2399.0,Ponatinib
CID124965990,suvorexant,24965990,2782.0,Suvorexant
CID125074470,Triptorelin,25074470,3017.0,Triptorelin
CID125077405,Nafarelin,25077405,2021.0,Nafarelin
CID125077993,Histrelin,25077993,1507.0,Histrelin
CID125102847,cabozantinib,25102847,526.0,Cabozantinib
CID142611257,vemurafenib,42611257,3082.0,Vemurafenib
CID144462760,dabrafenib,44462760,834.0,Dabrafenib
