STITCH_ID,SIDER_DrugName,MatchType,Confidence,CandidateDrugID,CandidateDrugName,Similarity
CID100000298,chloramphenicol,EXACT_NORMALIZED,HIGH,664,Chloramphenicol,1.0
CID100000450,estradiol,EXACT_NORMALIZED,HIGH,1171,Estradiol,1.0
CID100000596,cytarabine,EXACT_NORMALIZED,HIGH,823,Cytarabine,1.0
CID100000698,estrone,EXACT_NORMALIZED,HIGH,1179,Estrone,1.0
CID100000815,kanamycin,EXACT_NORMALIZED,HIGH,1655,Kanamycin,1.0
CID100000838,epinephrine,EXACT_NORMALIZED,HIGH,1137,Epinephrine,1.0
CID100000942,nicotine,EXACT_NORMALIZED,HIGH,2073,Nicotine,1.0
CID100000951,norepinephrine,EXACT_NORMALIZED,HIGH,2113,Norepinephrine,1.0
CID100001065,quinidine,EXACT_NORMALIZED,HIGH,2514,Quinidine,1.0
CID100001301,naproxen,EXACT_NORMALIZED,HIGH,2040,Naproxen,1.0
CID100001546,cladribine,EXACT_NORMALIZED,HIGH,728,Cladribine,1.0
CID100001690,doxorubicin,EXACT_NORMALIZED,HIGH,1046,Doxorubicin,1.0
CID100001798,methazolamide,EXACT_NORMALIZED,HIGH,1887,Methazolamide,1.0
CID100001875,methylprednisolone,EXACT_NORMALIZED,HIGH,1915,Methylprednisolone,1.0
CID100001971,abacavir,EXACT_NORMALIZED,HIGH,88,Abacavir,1.0
CID100002021,spectinomycin,EXACT_NORMALIZED,HIGH,2716,Spectinomycin,1.0
CID100002022,acyclovir,EXACT_NORMALIZED,HIGH,127,Acyclovir,1.0
CID100002094,allopurinol,EXACT_NORMALIZED,HIGH,168,Allopurinol,1.0
CID100002133,amcinonide,EXACT_NORMALIZED,HIGH,201,Amcinonide,1.0
CID100002142,amikacin,EXACT_NORMALIZED,HIGH,207,Amikacin,1.0
CID100002156,amiodarone,EXACT_NORMALIZED,HIGH,218,Amiodarone,1.0
CID100002163,amobarbital,EXACT_NORMALIZED,HIGH,229,Amobarbital,1.0
CID100002171,amoxicillin,EXACT_NORMALIZED,HIGH,233,Amoxicillin,1.0
CID100002173,ampicillin,EXACT_NORMALIZED,HIGH,237,Ampicillin,1.0
CID100002177,amprenavir,EXACT_NORMALIZED,HIGH,238,Amprenavir,1.0
CID100002182,anagrelide,EXACT_NORMALIZED,HIGH,244,Anagrelide,1.0
CID100002215,apomorphine,EXACT_NORMALIZED,HIGH,263,Apomorphine,1.0
CID100002232,argatroban,EXACT_NORMALIZED,HIGH,281,Argatroban,1.0
CID100002250,atorvastatin,EXACT_NORMALIZED,HIGH,311,Atorvastatin,1.0
CID100002269,azithromycin,EXACT_NORMALIZED,HIGH,341,Azithromycin,1.0
CID100002274,aztreonam,EXACT_NORMALIZED,HIGH,344,Aztreonam,1.0
CID100002311,benazepril,EXACT_NORMALIZED,HIGH,373,Benazepril,1.0
CID100002341,benzphetamine,EXACT_NORMALIZED,HIGH,398,Benzphetamine,1.0
CID100002350,bepotastine,EXACT_NORMALIZED,HIGH,406,Bepotastine,1.0
CID100002443,bromocriptine,EXACT_NORMALIZED,HIGH,479,Bromocriptine,1.0
CID100002462,budesonide,EXACT_NORMALIZED,HIGH,489,Budesonide,1.0
CID100002476,buprenorphine,EXACT_NORMALIZED,HIGH,502,Buprenorphine,1.0
CID100002487,butorphanol,EXACT_NORMALIZED,HIGH,515,Butorphanol,1.0
CID100002512,cabergoline,EXACT_NORMALIZED,HIGH,524,Cabergoline,1.0
CID100002547,capreomycin,EXACT_NORMALIZED,HIGH,559,Capreomycin,1.0
CID100002548,capsaicin,EXACT_NORMALIZED,HIGH,561,Capsaicin,1.0
CID100002550,captopril,EXACT_NORMALIZED,HIGH,563,Captopril,1.0
CID100002559,carbenicillin,EXACT_NORMALIZED,HIGH,566,Carbenicillin,1.0
CID100002563,carbidopa,EXACT_NORMALIZED,HIGH,568,Carbidopa,1.0
CID100002609,cefaclor,EXACT_NORMALIZED,HIGH,600,Cefaclor,1.0
CID100002610,cefadroxil,EXACT_NORMALIZED,HIGH,601,Cefadroxil,1.0
CID100002617,cefazolin,EXACT_NORMALIZED,HIGH,609,Cefazolin,1.0
CID100002622,cefepime,EXACT_NORMALIZED,HIGH,614,Cefepime,1.0
CID100002631,cefotaxime,EXACT_NORMALIZED,HIGH,624,Cefotaxime,1.0
CID100002637,cefoxitin,EXACT_NORMALIZED,HIGH,627,Cefoxitin,1.0
CID100002646,cefprozil,EXACT_NORMALIZED,HIGH,632,Cefprozil,1.0
CID100002650,ceftazidime,EXACT_NORMALIZED,HIGH,637,Ceftazidime,1.0
CID100002655,ceftizoxime,EXACT_NORMALIZED,HIGH,641,Ceftizoxime,1.0
CID100002656,ceftriaxone,EXACT_NORMALIZED,HIGH,645,Ceftriaxone,1.0
CID100002658,cefuroxime,EXACT_NORMALIZED,HIGH,646,Cefuroxime,1.0
CID100002666,cephalexin,EXACT_NORMALIZED,HIGH,650,Cephalexin,1.0
CID100002675,cefixime,EXACT_NORMALIZED,HIGH,616,Cefixime,1.0
CID100002676,cerivastatin,EXACT_NORMALIZED,HIGH,657,Cerivastatin,1.0
CID100002684,cevimeline,EXACT_NORMALIZED,HIGH,661,Cevimeline,1.0
CID100002751,cilazapril,EXACT_NORMALIZED,HIGH,706,Cilazapril,1.0
CID100002781,clemastine,EXACT_NORMALIZED,HIGH,731,Clemastine,1.0
CID100002786,clindamycin,EXACT_NORMALIZED,HIGH,736,Clindamycin,1.0
CID100002791,clobetasol,EXACT_NORMALIZED,HIGH,738,Clobetasol,1.0
CID100002792,clobetasone,EXACT_NORMALIZED,HIGH,740,Clobetasone,1.0
CID100002806,clopidogrel,EXACT_NORMALIZED,HIGH,760,Clopidogrel,1.0
CID100002818,clozapine,EXACT_NORMALIZED,HIGH,777,Clozapine,1.0
CID100002826,cocaine,EXACT_NORMALIZED,HIGH,780,Cocaine,1.0
CID100002828,codeine,EXACT_NORMALIZED,HIGH,781,Codeine,1.0
CID100002833,colchicine,EXACT_NORMALIZED,HIGH,782,Colchicine,1.0
CID100002891,cyanocobalamin,EXACT_NORMALIZED,HIGH,801,Cyanocobalamin,1.0
CID100002949,danazol,EXACT_NORMALIZED,HIGH,844,Danazol,1.0
CID100002951,dantrolene,EXACT_NORMALIZED,HIGH,847,Dantrolene,1.0
CID100003000,desoximetasone,EXACT_NORMALIZED,HIGH,905,Desoximetasone,1.0
CID100003032,diclofenac,EXACT_NORMALIZED,HIGH,955,Diclofenac,1.0
CID100003040,dicloxacillin,EXACT_NORMALIZED,HIGH,957,Dicloxacillin,1.0
CID100003043,didanosine,EXACT_NORMALIZED,HIGH,960,Didanosine,1.0
CID100003056,diflorasone,EXACT_NORMALIZED,HIGH,972,Diflorasone,1.0
CID100003062,digoxin,EXACT_NORMALIZED,HIGH,978,Digoxin,1.0
CID100003063,dihydrocodeine,EXACT_NORMALIZED,HIGH,984,Dihydrocodeine,1.0
CID100003066,dihydroergotamine,EXACT_NORMALIZED,HIGH,987,Dihydroergotamine,1.0
CID100003075,diltiazem,EXACT_NORMALIZED,HIGH,992,Diltiazem,1.0
CID100003143,docetaxel,EXACT_NORMALIZED,HIGH,1021,Docetaxel,1.0
CID100003148,dolasetron,EXACT_NORMALIZED,HIGH,1025,Dolasetron,1.0
CID100003154,dorzolamide,EXACT_NORMALIZED,HIGH,1035,Dorzolamide,1.0
CID100003199,trabectedin,EXACT_NORMALIZED,HIGH,2965,Trabectedin,1.0
CID100003203,efavirenz,EXACT_NORMALIZED,HIGH,1078,Efavirenz,1.0
CID100003251,ergotamine,EXACT_NORMALIZED,HIGH,1154,Ergotamine,1.0
CID100003255,erythromycin,EXACT_NORMALIZED,HIGH,1160,Erythromycin,1.0
CID100003263,estradiol,EXACT_NORMALIZED,HIGH,1171,Estradiol,1.0
CID100003267,estradiol,EXACT_NORMALIZED,HIGH,1171,Estradiol,1.0
CID100003268,estramustine,EXACT_NORMALIZED,HIGH,1177,Estramustine,1.0
CID100003279,ethambutol,EXACT_NORMALIZED,HIGH,1188,Ethambutol,1.0
CID100003310,etoposide,EXACT_NORMALIZED,HIGH,1216,Etoposide,1.0
CID100003325,famotidine,EXACT_NORMALIZED,HIGH,1233,Famotidine,1.0
CID100003340,fenoldopam,EXACT_NORMALIZED,HIGH,1254,Fenoldopam,1.0
CID100003350,finasteride,EXACT_NORMALIZED,HIGH,1287,Finasteride,1.0
CID100003355,flecainide,EXACT_NORMALIZED,HIGH,1292,Flecainide,1.0
CID100003364,flucloxacillin,EXACT_NORMALIZED,HIGH,1304,Flucloxacillin,1.0
CID100003370,fludrocortisone,EXACT_NORMALIZED,HIGH,1309,Fludrocortisone,1.0
CID100003379,flunisolide,EXACT_NORMALIZED,HIGH,1315,Flunisolide,1.0
CID100003382,fluocinonide,EXACT_NORMALIZED,HIGH,1320,Fluocinonide,1.0
CID100003384,fluorometholone,EXACT_NORMALIZED,HIGH,1327,Fluorometholone,1.0
CID100003387,fluoxymesterone,EXACT_NORMALIZED,HIGH,1329,Fluoxymesterone,1.0
CID100003388,fluphenazine,EXACT_NORMALIZED,HIGH,1332,Fluphenazine,1.0
CID100003399,fluticasone,EXACT_NORMALIZED,HIGH,1344,Fluticasone,1.0
CID100003403,fluvastatin,EXACT_NORMALIZED,HIGH,1347,Fluvastatin,1.0
CID100003404,fluvoxamine,EXACT_NORMALIZED,HIGH,1348,Fluvoxamine,1.0
CID100003414,foscarnet,EXACT_NORMALIZED,HIGH,1362,Foscarnet,1.0
CID100003417,fosfomycin,EXACT_NORMALIZED,HIGH,1363,Fosfomycin,1.0
CID100003419,fosinopril,EXACT_NORMALIZED,HIGH,1365,Fosinopril,1.0
CID100003425,Romidepsin,EXACT_NORMALIZED,HIGH,2610,Romidepsin,1.0
CID100003449,galantamine,EXACT_NORMALIZED,HIGH,1406,Galantamine,1.0
CID100003454,ganciclovir,EXACT_NORMALIZED,HIGH,1413,Ganciclovir,1.0
CID100003461,gemcitabine,EXACT_NORMALIZED,HIGH,1422,Gemcitabine,1.0
CID100003510,granisetron,EXACT_NORMALIZED,HIGH,1465,Granisetron,1.0
CID100003512,griseofulvin,EXACT_NORMALIZED,HIGH,1469,Griseofulvin,1.0
CID100003553,halcinonide,EXACT_NORMALIZED,HIGH,1485,Halcinonide,1.0
CID100003623,homatropine,EXACT_NORMALIZED,HIGH,1508,Homatropine,1.0
CID100003642,hydrocortisone,EXACT_NORMALIZED,HIGH,1516,Hydrocortisone,1.0
CID100003648,hydromorphone,EXACT_NORMALIZED,HIGH,1529,Hydromorphone,1.0
CID100003661,atropine,EXACT_NORMALIZED,HIGH,316,Atropine,1.0
CID100003685,idarubicin,EXACT_NORMALIZED,HIGH,1558,Idarubicin,1.0
CID100003706,indinavir,EXACT_NORMALIZED,HIGH,1586,Indinavir,1.0
CID100003746,ipratropium,EXACT_NORMALIZED,HIGH,1611,Ipratropium,1.0
CID100003750,irinotecan,EXACT_NORMALIZED,HIGH,1618,Irinotecan,1.0
CID100003780,isosorbide,EXACT_NORMALIZED,HIGH,1635,Isosorbide,1.0
CID100003783,isoxsuprine,EXACT_NORMALIZED,HIGH,1641,Isoxsuprine,1.0
CID100003793,itraconazole,EXACT_NORMALIZED,HIGH,1644,Itraconazole,1.0
CID100003823,ketoconazole,EXACT_NORMALIZED,HIGH,1661,Ketoconazole,1.0
CID100003872,lactulose,EXACT_NORMALIZED,HIGH,1671,Lactulose,1.0
CID100003877,lamivudine,EXACT_NORMALIZED,HIGH,1673,Lamivudine,1.0
CID100003890,latanoprost,EXACT_NORMALIZED,HIGH,1686,Latanoprost,1.0
CID100003914,levobunolol,EXACT_NORMALIZED,HIGH,1707,Levobunolol,1.0
CID100003915,levocabastine,EXACT_NORMALIZED,HIGH,1708,Levocabastine,1.0
CID100003918,dextrorphan,EXACT_NORMALIZED,HIGH,940,Dextrorphan,1.0
CID100003928,lincomycin,EXACT_NORMALIZED,HIGH,1725,Lincomycin,1.0
CID100003929,linezolid,EXACT_NORMALIZED,HIGH,1726,Linezolid,1.0
CID100003937,Lisinopril,EXACT_NORMALIZED,HIGH,1732,Lisinopril,1.0
CID100003938,lisuride,EXACT_NORMALIZED,HIGH,1734,Lisuride,1.0
CID100003954,loperamide,EXACT_NORMALIZED,HIGH,1751,Loperamide,1.0
CID100003962,lovastatin,EXACT_NORMALIZED,HIGH,1766,Lovastatin,1.0
CID100004043,medrysone,EXACT_NORMALIZED,HIGH,1830,Medrysone,1.0
CID100004051,meloxicam,EXACT_NORMALIZED,HIGH,1841,Meloxicam,1.0
CID100004053,melphalan,EXACT_NORMALIZED,HIGH,1843,Melphalan,1.0
CID100004112,methotrexate,EXACT_NORMALIZED,HIGH,1894,Methotrexate,1.0
CID100004138,methyldopa,EXACT_NORMALIZED,HIGH,1905,Methyldopa,1.0
CID100004140,methylergometrine,EXACT_NORMALIZED,HIGH,1909,Methylergometrine,1.0
CID100004159,methylprednisolone,EXACT_NORMALIZED,HIGH,1915,Methylprednisolone,1.0
CID100004160,methyltestosterone,EXACT_NORMALIZED,HIGH,1921,Methyltestosterone,1.0
CID100004163,methysergide,EXACT_NORMALIZED,HIGH,1924,Methysergide,1.0
CID100004196,mifepristone,EXACT_NORMALIZED,HIGH,1954,Mifepristone,1.0
CID100004240,mometasone,EXACT_NORMALIZED,HIGH,1984,Mometasone,1.0
CID100004248,montelukast,EXACT_NORMALIZED,HIGH,1989,Montelukast,1.0
CID100004253,morphine,EXACT_NORMALIZED,HIGH,1994,Morphine,1.0
CID100004259,moxifloxacin,EXACT_NORMALIZED,HIGH,2001,Moxifloxacin,1.0
CID100004264,mupirocin,EXACT_NORMALIZED,HIGH,2004,Mupirocin,1.0
CID100004411,nadolol,EXACT_NORMALIZED,HIGH,2019,Nadolol,1.0
CID100004419,nalbuphine,EXACT_NORMALIZED,HIGH,2025,Nalbuphine,1.0
CID100004422,nalmefene,EXACT_NORMALIZED,HIGH,2028,Nalmefene,1.0
CID100004425,naloxone,EXACT_NORMALIZED,HIGH,2031,Naloxone,1.0
CID100004428,naltrexone,EXACT_NORMALIZED,HIGH,2032,Naltrexone,1.0
CID100004432,nandrolone,EXACT_NORMALIZED,HIGH,2036,Nandrolone,1.0
CID100004443,nateglinide,EXACT_NORMALIZED,HIGH,2046,Nateglinide,1.0
CID100004451,nelfinavir,EXACT_NORMALIZED,HIGH,2055,Nelfinavir,1.0
CID100004473,nicardipine,EXACT_NORMALIZED,HIGH,2068,Nicardipine,1.0
CID100004509,nitrofurantoin,EXACT_NORMALIZED,HIGH,2099,Nitrofurantoin,1.0
CID100004536,norethisterone,EXACT_NORMALIZED,HIGH,2115,Norethisterone,1.0
CID100004542,levonorgestrel,EXACT_NORMALIZED,HIGH,1713,Levonorgestrel,1.0
CID100004547,repaglinide,EXACT_NORMALIZED,HIGH,2551,Repaglinide,1.0
CID100004568,nystatin,EXACT_NORMALIZED,HIGH,2126,Nystatin,1.0
CID100004585,olanzapine,EXACT_NORMALIZED,HIGH,2138,Olanzapine,1.0
CID100004599,orlistat,EXACT_NORMALIZED,HIGH,2164,Orlistat,1.0
CID100004603,oseltamivir,EXACT_NORMALIZED,HIGH,2170,Oseltamivir,1.0
CID100004607,oxacillin,EXACT_NORMALIZED,HIGH,2179,Oxacillin,1.0
CID100004635,oxycodone,EXACT_NORMALIZED,HIGH,2199,Oxycodone,1.0
CID100004638,oxymetholone,EXACT_NORMALIZED,HIGH,2202,Oxymetholone,1.0
CID100004639,oxymorphone,EXACT_NORMALIZED,HIGH,2203,Oxymorphone,1.0
CID100004666,paclitaxel,EXACT_NORMALIZED,HIGH,2215,Paclitaxel,1.0
CID100004675,pancuronium,EXACT_NORMALIZED,HIGH,2226,Pancuronium,1.0
CID100004678,dexpanthenol,EXACT_NORMALIZED,HIGH,930,Dexpanthenol,1.0
CID100004689,paromomycin,EXACT_NORMALIZED,HIGH,2239,Paromomycin,1.0
CID100004691,paroxetine,EXACT_NORMALIZED,HIGH,2240,Paroxetine,1.0
CID100004724,penbutolol,EXACT_NORMALIZED,HIGH,2254,Penbutolol,1.0
CID100004725,penciclovir,EXACT_NORMALIZED,HIGH,2255,Penciclovir,1.0
CID100004736,pentazocine,EXACT_NORMALIZED,HIGH,2264,Pentazocine,1.0
CID100004739,pentostatin,EXACT_NORMALIZED,HIGH,2270,Pentostatin,1.0
CID100004745,pergolide,EXACT_NORMALIZED,HIGH,2277,Pergolide,1.0
CID100004782,phenylephrine,EXACT_NORMALIZED,HIGH,2326,Phenylephrine,1.0
CID100004811,physostigmine,EXACT_NORMALIZED,HIGH,2333,Physostigmine,1.0
CID100004819,pilocarpine,EXACT_NORMALIZED,HIGH,2341,Pilocarpine,1.0
CID100004834,piperacillin,EXACT_NORMALIZED,HIGH,2356,Piperacillin,1.0
CID100004870,polythiazide,EXACT_NORMALIZED,HIGH,2397,Polythiazide,1.0
CID100004889,pravastatin,EXACT_NORMALIZED,HIGH,2422,Pravastatin,1.0
CID100004894,prednisolone,EXACT_NORMALIZED,HIGH,2427,Prednisolone,1.0
CID100004895,prednisolone,EXACT_NORMALIZED,HIGH,2427,Prednisolone,1.0
CID100004896,prednisolone,EXACT_NORMALIZED,HIGH,2427,Prednisolone,1.0
CID100004900,prednisone,EXACT_NORMALIZED,HIGH,2431,Prednisone,1.0
CID100004920,progesterone,EXACT_NORMALIZED,HIGH,2455,Progesterone,1.0
CID100004923,proguanil,EXACT_NORMALIZED,HIGH,2457,Proguanil,1.0
CID100004989,pyrantel,EXACT_NORMALIZED,HIGH,2495,Pyrantel,1.0
CID100005005,quinapril,EXACT_NORMALIZED,HIGH,2508,Quinapril,1.0
CID100005032,ephedrine,EXACT_NORMALIZED,HIGH,1131,Ephedrine,1.0
CID100005038,ramipril,EXACT_NORMALIZED,HIGH,2530,Ramipril,1.0
CID100005039,ranitidine,EXACT_NORMALIZED,HIGH,2533,Ranitidine,1.0
CID100005051,rescinnamine,EXACT_NORMALIZED,HIGH,2556,Rescinnamine,1.0
CID100005052,reserpine,EXACT_NORMALIZED,HIGH,2557,Reserpine,1.0
CID100005076,ritonavir,EXACT_NORMALIZED,HIGH,2593,Ritonavir,1.0
CID100005077,rivastigmine,EXACT_NORMALIZED,HIGH,2595,Rivastigmine,1.0
CID100005106,roxithromycin,EXACT_NORMALIZED,HIGH,2623,Roxithromycin,1.0
CID100005155,stavudine,EXACT_NORMALIZED,HIGH,2726,Stavudine,1.0
CID100005184,scopolamine,EXACT_NORMALIZED,HIGH,2652,Scopolamine,1.0
CID100005203,sertraline,EXACT_NORMALIZED,HIGH,2674,Sertraline,1.0
CID100005212,sildenafil,EXACT_NORMALIZED,HIGH,2680,Sildenafil,1.0
CID100005257,sparfloxacin,EXACT_NORMALIZED,HIGH,2712,Sparfloxacin,1.0
CID100005267,spironolactone,EXACT_NORMALIZED,HIGH,2722,Spironolactone,1.0
CID100005297,streptomycin,EXACT_NORMALIZED,HIGH,2730,Streptomycin,1.0
CID100005352,sulindac,EXACT_NORMALIZED,HIGH,2772,Sulindac,1.0
CID100005372,tacrolimus,EXACT_NORMALIZED,HIGH,2787,Tacrolimus,1.0
CID100005376,tamoxifen,EXACT_NORMALIZED,HIGH,2800,Tamoxifen,1.0
CID100005396,teniposide,EXACT_NORMALIZED,HIGH,2844,Teniposide,1.0
CID100005402,terbinafine,EXACT_NORMALIZED,HIGH,2852,Terbinafine,1.0
CID100005407,testolactone,EXACT_NORMALIZED,HIGH,2861,Testolactone,1.0
CID100005454,thiothixene,EXACT_NORMALIZED,HIGH,2901,Thiothixene,1.0
CID100005466,tiagabine,EXACT_NORMALIZED,HIGH,2904,Tiagabine,1.0
CID100005470,tibolone,EXACT_NORMALIZED,HIGH,2909,Tibolone,1.0
CID100005478,timolol,EXACT_NORMALIZED,HIGH,2921,Timolol,1.0
CID100005486,tirofiban,EXACT_NORMALIZED,HIGH,2935,Tirofiban,1.0
CID100005496,tobramycin,EXACT_NORMALIZED,HIGH,2940,Tobramycin,1.0
CID100005508,tolmetin,EXACT_NORMALIZED,HIGH,2952,Tolmetin,1.0
CID100005512,tolterodine,EXACT_NORMALIZED,HIGH,2956,Tolterodine,1.0
CID100005514,topiramate,EXACT_NORMALIZED,HIGH,2958,Topiramate,1.0
CID100005515,topotecan,EXACT_NORMALIZED,HIGH,2960,Topotecan,1.0
CID100005516,toremifene,EXACT_NORMALIZED,HIGH,2962,Toremifene,1.0
CID100005523,tramadol,EXACT_NORMALIZED,HIGH,2966,Tramadol,1.0
CID100005525,trandolapril,EXACT_NORMALIZED,HIGH,2970,Trandolapril,1.0
CID100005544,triamcinolone,EXACT_NORMALIZED,HIGH,2985,Triamcinolone,1.0
CID100005582,trimetrexate,EXACT_NORMALIZED,HIGH,3010,Trimetrexate,1.0
CID100005595,tropisetron,EXACT_NORMALIZED,HIGH,3025,Tropisetron,1.0
CID100005596,trospium,EXACT_NORMALIZED,HIGH,3026,Trospium,1.0
CID100005636,unoprostone,EXACT_NORMALIZED,HIGH,3050,Unoprostone,1.0
CID100005650,valsartan,EXACT_NORMALIZED,HIGH,3071,Valsartan,1.0
CID100005672,vinorelbine,EXACT_NORMALIZED,HIGH,3103,Vinorelbine,1.0
CID100005718,zalcitabine,EXACT_NORMALIZED,HIGH,3135,Zalcitabine,1.0
CID100005721,zanamivir,EXACT_NORMALIZED,HIGH,3138,Zanamivir,1.0
CID100005726,zidovudine,EXACT_NORMALIZED,HIGH,3143,Zidovudine,1.0
CID100005731,zolmitriptan,EXACT_NORMALIZED,HIGH,3155,Zolmitriptan,1.0
CID100006116,calcium,EXACT_NORMALIZED,HIGH,532,Calcium,1.0
CID100006436,triamcinolone,EXACT_NORMALIZED,HIGH,2985,Triamcinolone,1.0
CID100010547,echothiophate,EXACT_NORMALIZED,HIGH,1070,Echothiophate,1.0
CID100012460,phendimetrazine,EXACT_NORMALIZED,HIGH,2294,Phendimetrazine,1.0
CID100012536,desonide,EXACT_NORMALIZED,HIGH,904,Desonide,1.0
CID100012559,erythromycin,EXACT_NORMALIZED,HIGH,1160,Erythromycin,1.0
CID100016230,amiloride,EXACT_NORMALIZED,HIGH,208,Amiloride,1.0
CID100016533,betamethasone,EXACT_NORMALIZED,HIGH,415,Betamethasone,1.0
CID100018140,estramustine,EXACT_NORMALIZED,HIGH,1177,Estramustine,1.0
CID100020585,choline,EXACT_NORMALIZED,HIGH,693,Choline,1.0
CID100020969,clocortolone,EXACT_NORMALIZED,HIGH,741,Clocortolone,1.0
CID100021800,betamethasone,EXACT_NORMALIZED,HIGH,415,Betamethasone,1.0
CID100021945,methenamine,EXACT_NORMALIZED,HIGH,1889,Methenamine,1.0
CID100022258,hydrocodone,EXACT_NORMALIZED,HIGH,1514,Hydrocodone,1.0
CID100022502,procaine,EXACT_NORMALIZED,HIGH,2448,Procaine,1.0
CID100024087,selenium,EXACT_NORMALIZED,HIGH,2658,Selenium,1.0
CID100024424,zinc,EXACT_NORMALIZED,HIGH,3147,Zinc,1.0
CID100024450,potassium,EXACT_NORMALIZED,HIGH,2404,Potassium,1.0
CID100027991,desmopressin,EXACT_NORMALIZED,HIGH,901,Desmopressin,1.0
CID100030623,dexrazoxane,EXACT_NORMALIZED,HIGH,934,Dexrazoxane,1.0
CID100032169,articaine,EXACT_NORMALIZED,HIGH,294,Articaine,1.0
CID100032281,Protirelin,EXACT_NORMALIZED,HIGH,2484,Protirelin,1.0
CID100032603,clindamycin,EXACT_NORMALIZED,HIGH,736,Clindamycin,1.0
CID100032797,clobetasol,EXACT_NORMALIZED,HIGH,738,Clobetasol,1.0
CID100036339,etomidate,EXACT_NORMALIZED,HIGH,1213,Etomidate,1.0
CID100037392,halofantrine,EXACT_NORMALIZED,HIGH,1486,Halofantrine,1.0
CID100039507,rimexolone,EXACT_NORMALIZED,HIGH,2581,Rimexolone,1.0
CID100039524,stiripentol,EXACT_NORMALIZED,HIGH,2728,Stiripentol,1.0
CID100039764,vecuronium,EXACT_NORMALIZED,HIGH,3080,Vecuronium,1.0
CID100039860,nabilone,EXACT_NORMALIZED,HIGH,2017,Nabilone,1.0
CID100040159,permethrin,EXACT_NORMALIZED,HIGH,2283,Permethrin,1.0
CID100040703,pinaverium,EXACT_NORMALIZED,HIGH,2347,Pinaverium,1.0
CID100041317,acitretin,EXACT_NORMALIZED,HIGH,121,Acitretin,1.0
CID100041744,valrubicin,EXACT_NORMALIZED,HIGH,3070,Valrubicin,1.0
CID100041774,acarbose,EXACT_NORMALIZED,HIGH,98,Acarbose,1.0
CID100042955,misoprostol,EXACT_NORMALIZED,HIGH,1963,Misoprostol,1.0
CID100047419,cefuroxime,EXACT_NORMALIZED,HIGH,646,Cefuroxime,1.0
CID100047725,Goserelin,EXACT_NORMALIZED,HIGH,1462,Goserelin,1.0
CID100050614,cefotetan,EXACT_NORMALIZED,HIGH,625,Cefotetan,1.0
CID100051577,miglitol,EXACT_NORMALIZED,HIGH,1955,Miglitol,1.0
CID100052421,prednicarbate,EXACT_NORMALIZED,HIGH,2425,Prednicarbate,1.0
CID100054313,iloprost,EXACT_NORMALIZED,HIGH,1569,Iloprost,1.0
CID100054331,fosfomycin,EXACT_NORMALIZED,HIGH,1363,Fosfomycin,1.0
CID100054547,cefpodoxime,EXACT_NORMALIZED,HIGH,631,Cefpodoxime,1.0
CID100054688,clarithromycin,EXACT_NORMALIZED,HIGH,729,Clarithromycin,1.0
CID100054786,treprostinil,EXACT_NORMALIZED,HIGH,2979,Treprostinil,1.0
CID100054808,loteprednol,EXACT_NORMALIZED,HIGH,1765,Loteprednol,1.0
CID100054840,atomoxetine,EXACT_NORMALIZED,HIGH,310,Atomoxetine,1.0
CID100056338,fosphenytoin,EXACT_NORMALIZED,HIGH,1370,Fosphenytoin,1.0
CID100057537,rotigotine,EXACT_NORMALIZED,HIGH,2619,Rotigotine,1.0
CID100060146,tamsulosin,EXACT_NORMALIZED,HIGH,2801,Tamsulosin,1.0
CID100060183,perindopril,EXACT_NORMALIZED,HIGH,2281,Perindopril,1.0
CID100060184,perindopril,EXACT_NORMALIZED,HIGH,2281,Perindopril,1.0
CID100060496,amlodipine,EXACT_NORMALIZED,HIGH,224,Amlodipine,1.0
CID100060612,dexmedetomidine,EXACT_NORMALIZED,HIGH,927,Dexmedetomidine,1.0
CID100060668,etoposide,EXACT_NORMALIZED,HIGH,1216,Etoposide,1.0
CID100060695,rocuronium,EXACT_NORMALIZED,HIGH,2603,Rocuronium,1.0
CID100060706,meropenem,EXACT_NORMALIZED,HIGH,1863,Meropenem,1.0
CID100060752,ibutilide,EXACT_NORMALIZED,HIGH,1553,Ibutilide,1.0
CID100060754,gadodiamide,EXACT_NORMALIZED,HIGH,1400,Gadodiamide,1.0
CID100060787,saquinavir,EXACT_NORMALIZED,HIGH,2644,Saquinavir,1.0
CID100060814,remifentanil,EXACT_NORMALIZED,HIGH,2545,Remifentanil,1.0
CID100060830,tiotropium,EXACT_NORMALIZED,HIGH,2928,Tiotropium,1.0
CID100060834,duloxetine,EXACT_NORMALIZED,HIGH,1058,Duloxetine,1.0
CID100060843,pemetrexed,EXACT_NORMALIZED,HIGH,2251,Pemetrexed,1.0
CID100060853,ziprasidone,EXACT_NORMALIZED,HIGH,3151,Ziprasidone,1.0
CID100060867,levosimendan,EXACT_NORMALIZED,HIGH,1714,Levosimendan,1.0
CID100060878,eprosartan,EXACT_NORMALIZED,HIGH,1146,Eprosartan,1.0
CID100062305,doxycycline,EXACT_NORMALIZED,HIGH,1047,Doxycycline,1.0
CID100062924,fluticasone,EXACT_NORMALIZED,HIGH,1344,Fluticasone,1.0
CID100063001,benazeprilat,EXACT_NORMALIZED,HIGH,374,Benazeprilat,1.0
CID100064147,valganciclovir,EXACT_NORMALIZED,HIGH,3064,Valganciclovir,1.0
CID100064778,Meropenem,EXACT_NORMALIZED,HIGH,1863,Meropenem,1.0
CID100064987,tenofovir,EXACT_NORMALIZED,HIGH,2845,Tenofovir,1.0
CID100068613,atosiban,EXACT_NORMALIZED,HIGH,312,Atosiban,1.0
CID100071273,ropivacaine,EXACT_NORMALIZED,HIGH,2614,Ropivacaine,1.0
CID100071316,mivacurium,EXACT_NORMALIZED,HIGH,1972,Mivacurium,1.0
CID100071348,lanreotide,EXACT_NORMALIZED,HIGH,1680,Lanreotide,1.0
CID100071469,erythromycin,EXACT_NORMALIZED,HIGH,1160,Erythromycin,1.0
CID100072054,darifenacin,EXACT_NORMALIZED,HIGH,857,Darifenacin,1.0
CID100072111,rifaximin,EXACT_NORMALIZED,HIGH,2575,Rifaximin,1.0
CID100072466,bleomycin,EXACT_NORMALIZED,HIGH,452,Bleomycin,1.0
CID100072938,gemifloxacin,EXACT_NORMALIZED,HIGH,1424,Gemifloxacin,1.0
CID100073658,telithromycin,EXACT_NORMALIZED,HIGH,2830,Telithromycin,1.0
CID100077996,paricalcitol,EXACT_NORMALIZED,HIGH,2237,Paricalcitol,1.0
CID100077998,rosiglitazone,EXACT_NORMALIZED,HIGH,2616,Rosiglitazone,1.0
CID100084003,ketorolac,EXACT_NORMALIZED,HIGH,1662,Ketorolac,1.0
CID100093860,bortezomib,EXACT_NORMALIZED,HIGH,460,Bortezomib,1.0
CID100096312,nelarabine,EXACT_NORMALIZED,HIGH,2054,Nelarabine,1.0
CID100104758,raltitrexed,EXACT_NORMALIZED,HIGH,2527,Raltitrexed,1.0
CID100104849,rimonabant,EXACT_NORMALIZED,HIGH,2583,Rimonabant,1.0
CID100110634,vardenafil,EXACT_NORMALIZED,HIGH,3077,Vardenafil,1.0
CID100114709,eslicarbazepine,EXACT_NORMALIZED,HIGH,1163,Eslicarbazepine,1.0
CID100119830,tenofovir,EXACT_NORMALIZED,HIGH,2845,Tenofovir,1.0
CID100123597,travoprost,EXACT_NORMALIZED,HIGH,2976,Travoprost,1.0
CID100123611,fondaparinux,EXACT_NORMALIZED,HIGH,1351,Fondaparinux,1.0
CID100123620,mometasone,EXACT_NORMALIZED,HIGH,1984,Mometasone,1.0
CID100125889,pregabalin,EXACT_NORMALIZED,HIGH,2434,Pregabalin,1.0
CID100127909,bimatoprost,EXACT_NORMALIZED,HIGH,436,Bimatoprost,1.0
CID100128549,trandolaprilat,EXACT_NORMALIZED,HIGH,2971,Trandolaprilat,1.0
CID100129806,rosuvastatin,EXACT_NORMALIZED,HIGH,2618,Rosuvastatin,1.0
CID100130564,esomeprazole,EXACT_NORMALIZED,HIGH,1167,Esomeprazole,1.0
CID100130881,olmesartan,EXACT_NORMALIZED,HIGH,2143,Olmesartan,1.0
CID100131535,fosamprenavir,EXACT_NORMALIZED,HIGH,1359,Fosamprenavir,1.0
CID100132804,pitavastatin,EXACT_NORMALIZED,HIGH,2377,Pitavastatin,1.0
CID100147740,drospirenone,EXACT_NORMALIZED,HIGH,1053,Drospirenone,1.0
CID100147912,posaconazole,EXACT_NORMALIZED,HIGH,2402,Posaconazole,1.0
CID100148127,ospemifene,EXACT_NORMALIZED,HIGH,2173,Ospemifene,1.0
CID100148191,temsirolimus,EXACT_NORMALIZED,HIGH,2839,Temsirolimus,1.0
CID100148211,palonosetron,EXACT_NORMALIZED,HIGH,2223,Palonosetron,1.0
CID100150310,eplerenone,EXACT_NORMALIZED,HIGH,1140,Eplerenone,1.0
CID100151165,aprepitant,EXACT_NORMALIZED,HIGH,267,Aprepitant,1.0
CID100152945,dutasteride,EXACT_NORMALIZED,HIGH,1060,Dutasteride,1.0
CID100153941,entecavir,EXACT_NORMALIZED,HIGH,1124,Entecavir,1.0
CID100154058,solifenacin,EXACT_NORMALIZED,HIGH,2704,Solifenacin,1.0
CID100154256,bazedoxifene,EXACT_NORMALIZED,HIGH,361,Bazedoxifene,1.0
CID100156326,asenapine,EXACT_NORMALIZED,HIGH,297,Asenapine,1.0
CID100156418,cinacalcet,EXACT_NORMALIZED,HIGH,713,Cinacalcet,1.0
CID100157688,vinflunine,EXACT_NORMALIZED,HIGH,3102,Vinflunine,1.0
CID100159247,sevelamer,EXACT_NORMALIZED,HIGH,2677,Sevelamer,1.0
CID100163296,tipranavir,EXACT_NORMALIZED,HIGH,2931,Tipranavir,1.0
CID100170361,varenicline,EXACT_NORMALIZED,HIGH,3078,Varenicline,1.0
CID100197712,ambrisentan,EXACT_NORMALIZED,HIGH,199,Ambrisentan,1.0
CID100213023,dabigatran,EXACT_NORMALIZED,HIGH,832,Dabigatran,1.0
CID100214339,luliconazole,EXACT_NORMALIZED,HIGH,1770,Luliconazole,1.0
CID100216209,aliskiren,EXACT_NORMALIZED,HIGH,163,Aliskiren,1.0
CID100219090,fosaprepitant,EXACT_NORMALIZED,HIGH,1360,Fosaprepitant,1.0
CID100441332,carboprost,EXACT_NORMALIZED,HIGH,573,Carboprost,1.0
CID100441382,natamycin,EXACT_NORMALIZED,HIGH,2045,Natamycin,1.0
CID100444006,cefditoren,EXACT_NORMALIZED,HIGH,613,Cefditoren,1.0
CID100444033,ciclesonide,EXACT_NORMALIZED,HIGH,698,Ciclesonide,1.0
CID100483407,maraviroc,EXACT_NORMALIZED,HIGH,1806,Maraviroc,1.0
CID100656628,silodosin,EXACT_NORMALIZED,HIGH,2682,Silodosin,1.0
CID103006171,rilpivirine,EXACT_NORMALIZED,HIGH,2578,Rilpivirine,1.0
CID103038497,fospropofol,EXACT_NORMALIZED,HIGH,1371,Fospropofol,1.0
CID103055172,pimecrolimus,EXACT_NORMALIZED,HIGH,2344,Pimecrolimus,1.0
CID103085017,sevelamer,EXACT_NORMALIZED,HIGH,2677,Sevelamer,1.0
CID103086685,axitinib,EXACT_NORMALIZED,HIGH,328,Axitinib,1.0
CID103086686,sunitinib,EXACT_NORMALIZED,HIGH,2779,Sunitinib,1.0
CID104479094,doxercalciferol,EXACT_NORMALIZED,HIGH,1043,Doxercalciferol,1.0
CID104479097,hydroxocobalamin,EXACT_NORMALIZED,HIGH,1531,Hydroxocobalamin,1.0
CID104630253,alclometasone,EXACT_NORMALIZED,HIGH,148,Alclometasone,1.0
CID104659568,entacapone,EXACT_NORMALIZED,HIGH,1123,Entacapone,1.0
CID105251896,vildagliptin,EXACT_NORMALIZED,HIGH,3095,Vildagliptin,1.0
CID105281007,dacarbazine,EXACT_NORMALIZED,HIGH,835,Dacarbazine,1.0
CID105353894,pralidoxime,EXACT_NORMALIZED,HIGH,2412,Pralidoxime,1.0
CID105353980,sulfasalazine,EXACT_NORMALIZED,HIGH,2767,Sulfasalazine,1.0
CID105361912,rifabutin,EXACT_NORMALIZED,HIGH,2570,Rifabutin,1.0
CID105361917,methylnaltrexone,EXACT_NORMALIZED,HIGH,1911,Methylnaltrexone,1.0
CID105362070,balsalazide,EXACT_NORMALIZED,HIGH,350,Balsalazide,1.0
CID105462337,olsalazine,EXACT_NORMALIZED,HIGH,2147,Olsalazine,1.0
CID105487301,tegaserod,EXACT_NORMALIZED,HIGH,2825,Tegaserod,1.0
CID105488547,alvimopan,EXACT_NORMALIZED,HIGH,195,Alvimopan,1.0
CID105493381,deferasirox,EXACT_NORMALIZED,HIGH,872,Deferasirox,1.0
CID106323497,rifapentine,EXACT_NORMALIZED,HIGH,2574,Rifapentine,1.0
CID106331630,eribulin,EXACT_NORMALIZED,HIGH,1155,Eribulin,1.0
CID106333887,auranofin,EXACT_NORMALIZED,HIGH,317,Auranofin,1.0
CID106398970,cefdinir,EXACT_NORMALIZED,HIGH,612,Cefdinir,1.0
CID106433082,hexaminolevulinate,EXACT_NORMALIZED,HIGH,1498,Hexaminolevulinate,1.0
CID106433091,tapentadol,EXACT_NORMALIZED,HIGH,2804,Tapentadol,1.0
CID106433101,tafluprost,EXACT_NORMALIZED,HIGH,2791,Tafluprost,1.0
CID106433117,indacaterol,EXACT_NORMALIZED,HIGH,1582,Indacaterol,1.0
CID106433119,rivaroxaban,EXACT_NORMALIZED,HIGH,2594,Rivaroxaban,1.0
CID106435110,ivermectin,EXACT_NORMALIZED,HIGH,1646,Ivermectin,1.0
CID106440191,fidaxomicin,EXACT_NORMALIZED,HIGH,1281,Fidaxomicin,1.0
CID106477186,delamanid,EXACT_NORMALIZED,HIGH,879,Delamanid,1.0
CID106850789,iron,EXACT_NORMALIZED,HIGH,1620,Iron,1.0
CID106918313,vilazodone,EXACT_NORMALIZED,HIGH,3094,Vilazodone,1.0
CID106918366,fosaprepitant,EXACT_NORMALIZED,HIGH,1360,Fosaprepitant,1.0
CID106918430,ceftobiprole,EXACT_NORMALIZED,HIGH,642,Ceftobiprole,1.0
CID106918584,sugammadex,EXACT_NORMALIZED,HIGH,2739,Sugammadex,1.0
CID109794842,tasimelteon,EXACT_NORMALIZED,HIGH,2807,Tasimelteon,1.0
CID109800339,olodaterol,EXACT_NORMALIZED,HIGH,2145,Olodaterol,1.0
CID109811221,cabazitaxel,EXACT_NORMALIZED,HIGH,523,Cabazitaxel,1.0
CID109818231,tofacitinib,EXACT_NORMALIZED,HIGH,2945,Tofacitinib,1.0
CID109846180,eltrombopag,EXACT_NORMALIZED,HIGH,1096,Eltrombopag,1.0
CID109912092,apremilast,EXACT_NORMALIZED,HIGH,266,Apremilast,1.0
CID109930048,vernakalant,EXACT_NORMALIZED,HIGH,3088,Vernakalant,1.0
CID110028615,vorapaxar,EXACT_NORMALIZED,HIGH,3115,Vorapaxar,1.0
CID110163178,afatinib,EXACT_NORMALIZED,HIGH,136,Afatinib,1.0
CID110465263,lorcaserin,EXACT_NORMALIZED,HIGH,1758,Lorcaserin,1.0
CID111163584,alogliptin,EXACT_NORMALIZED,HIGH,173,Alogliptin,1.0
CID111228026,aclidinium,EXACT_NORMALIZED,HIGH,123,Aclidinium,1.0
CID111519069,umeclidinium,EXACT_NORMALIZED,HIGH,3048,Umeclidinium,1.0
CID111531537,eliglustat,EXACT_NORMALIZED,HIGH,1091,Eliglustat,1.0
CID111593706,sevelamer,EXACT_NORMALIZED,HIGH,2677,Sevelamer,1.0
CID111597571,crizotinib,EXACT_NORMALIZED,HIGH,797,Crizotinib,1.0
CID111597697,lisdexamfetamine,EXACT_NORMALIZED,HIGH,1731,Lisdexamfetamine,1.0
CID111947681,nitroprusside,EXACT_NORMALIZED,HIGH,2101,Nitroprusside,1.0
CID113559279,ulipristal,EXACT_NORMALIZED,HIGH,3045,Ulipristal,1.0
CID116158207,linaclotide,EXACT_NORMALIZED,HIGH,1723,Linaclotide,1.0
CID123668479,raltegravir,EXACT_NORMALIZED,HIGH,2526,Raltegravir,1.0
CID123690938,piroxicam,EXACT_NORMALIZED,HIGH,2374,Piroxicam,1.0
CID124950485,cobicistat,EXACT_NORMALIZED,HIGH,778,Cobicistat,1.0
CID125094462,sofosbuvir,EXACT_NORMALIZED,HIGH,2701,Sofosbuvir,1.0
CID125880656,doxycycline,EXACT_NORMALIZED,HIGH,1047,Doxycycline,1.0
CID125880664,tetracycline,EXACT_NORMALIZED,HIGH,2873,Tetracycline,1.0
CID126275995,minocycline,EXACT_NORMALIZED,HIGH,1959,Minocycline,1.0
CID140468184,acenocoumarol,EXACT_NORMALIZED,HIGH,103,Acenocoumarol,1.0
CID144134877,oxytetracycline,EXACT_NORMALIZED,HIGH,2210,Oxytetracycline,1.0
CID146216142,dolutegravir,EXACT_NORMALIZED,HIGH,1027,Dolutegravir,1.0
CID151508717,tenoxicam,EXACT_NORMALIZED,HIGH,2848,Tenoxicam,1.0
CID151601240,demeclocycline,EXACT_NORMALIZED,HIGH,885,Demeclocycline,1.0
CID154681041,tigecycline,EXACT_NORMALIZED,HIGH,2915,Tigecycline,1.0
CID154682541,doxycycline,EXACT_NORMALIZED,HIGH,1047,Doxycycline,1.0
CID154687131,lymecycline,EXACT_NORMALIZED,HIGH,1781,Lymecycline,1.0
CID100061799,monomethylfumarate,FUZZY_CANDIDATE,REVIEW,1988,Monomethyl fumarate,0.973
CID100002019,actinomycin,FUZZY_CANDIDATE,REVIEW,838,Dactinomycin,0.9565
CID100002344,benztropine,FUZZY_CANDIDATE,REVIEW,387,Benzatropine,0.9565
CID100000581,N-acetylcysteine,FUZZY_CANDIDATE,REVIEW,115,Acetylcysteine,0.9333
CID100004727,D-penicillamine,FUZZY_CANDIDATE,REVIEW,2258,Penicillamine,0.9286
CID100001972,amphotericin,FUZZY_CANDIDATE,REVIEW,236,Amphotericin B,0.9231
CID100002375,bicalutamide,FUZZY_CANDIDATE,REVIEW,11,(R)-Bicalutamide,0.9231
CID100003394,flurbiprofen,FUZZY_CANDIDATE,REVIEW,1162,Esflurbiprofen,0.9231
CID100004891,praziquantel,FUZZY_CANDIDATE,REVIEW,14,(R)-Praziquantel,0.9231
CID100005300,streptozotocin,FUZZY_CANDIDATE,REVIEW,2731,Streptozocin,0.9231
CID100005408,testosterone,FUZZY_CANDIDATE,REVIEW,26,1-Testosterone,0.9231
CID100005409,testosterone,FUZZY_CANDIDATE,REVIEW,26,1-Testosterone,0.9231
CID100005410,testosterone,FUZZY_CANDIDATE,REVIEW,26,1-Testosterone,0.9231
CID100012453,zuclopenthixol,FUZZY_CANDIDATE,REVIEW,759,Clopenthixol,0.9231
CID100000401,D-cycloserine,FUZZY_CANDIDATE,REVIEW,815,Cycloserine,0.9167
CID100004205,mirtazapine,FUZZY_CANDIDATE,REVIEW,1165,Esmirtazapine,0.9167
CID100004932,propafenone,FUZZY_CANDIDATE,REVIEW,15,(R)-Propafenone,0.9167
CID100003008,dextromethorphan,FUZZY_CANDIDATE,REVIEW,911,Deudextromethorphan,0.9143
CID100002522,calcipotriol,FUZZY_CANDIDATE,REVIEW,531,Calcitriol,0.9091
CID100003386,fluoxetine,FUZZY_CANDIDATE,REVIEW,12,(R)-Fluoxetine,0.9091
CID100003410,formoterol,FUZZY_CANDIDATE,REVIEW,280,Arformoterol,0.9091
CID100003702,indapamide,FUZZY_CANDIDATE,REVIEW,19,(S)-Indapamide,0.9091
CID100004046,mefloquine,FUZZY_CANDIDATE,REVIEW,0,(+)-Mefloquine,0.9091
CID100004158,methylphenidate,FUZZY_CANDIDATE,REVIEW,928,Dexmethylphenidate,0.9091
CID100004594,omeprazole,FUZZY_CANDIDATE,REVIEW,1167,Esomeprazole,0.9091
CID100003198,econazole,FUZZY_CANDIDATE,REVIEW,20,(S)-econazole,0.9
CID100004048,megestrol,FUZZY_CANDIDATE,REVIEW,2107,Nomegestrol,0.9
CID100004236,modafinil,FUZZY_CANDIDATE,REVIEW,285,Armodafinil,0.9
CID100004583,ofloxacin,FUZZY_CANDIDATE,REVIEW,2118,Norfloxacin,0.9
CID100005735,zopiclone,FUZZY_CANDIDATE,REVIEW,1181,Eszopiclone,0.9
CID100019090,megestrol,FUZZY_CANDIDATE,REVIEW,2107,Nomegestrol,0.9
CID100000160,prostaglandin,FUZZY_CANDIDATE,REVIEW,2478,Prostaglandin B2,0.8966
CID100000160,prostaglandin,FUZZY_CANDIDATE,REVIEW,2479,Prostaglandin D2,0.8966
CID100000160,prostaglandin,FUZZY_CANDIDATE,REVIEW,2480,Prostaglandin G2,0.8966
CID100006018,tetrabenazine,FUZZY_CANDIDATE,REVIEW,915,Deutetrabenazine,0.8966
CID100004042,medroxyprogesterone,FUZZY_CANDIDATE,REVIEW,1535,Hydroxyprogesterone,0.8947
CID100010631,medroxyprogesterone,FUZZY_CANDIDATE,REVIEW,1535,Hydroxyprogesterone,0.8947
CID100002249,atenolol,FUZZY_CANDIDATE,REVIEW,10,(R)-Atenolol,0.8889
CID100002284,baclofen,FUZZY_CANDIDATE,REVIEW,275,Arbaclofen,0.8889
CID100003308,etodolac,FUZZY_CANDIDATE,REVIEW,17,(R)-etodolac,0.8889
CID100003821,ketamine,FUZZY_CANDIDATE,REVIEW,284,Arketamine,0.8889
CID100003883,lansoprazole,FUZZY_CANDIDATE,REVIEW,924,Dexlansoprazole,0.8889
CID100004032,mecamylamine,FUZZY_CANDIDATE,REVIEW,926,Dexmecamylamine,0.8889
CID100004095,methadone,FUZZY_CANDIDATE,REVIEW,1187,Ethadione,0.8889
CID100005040,rapamycin,FUZZY_CANDIDATE,REVIEW,265,Apramycin,0.8889
CID105001396,warfarin,FUZZY_CANDIDATE,REVIEW,18,(R)-warfarin,0.8889
CID105381226,rifampicin,FUZZY_CANDIDATE,REVIEW,2572,Rifampin,0.8889
CID100004120,N-methylscopolamine,FUZZY_CANDIDATE,REVIEW,1900,Methscopolamine,0.8824
CID100003151,domperidone,FUZZY_CANDIDATE,REVIEW,912,Deudomperidone,0.88
CID100004885,pramipexole,FUZZY_CANDIDATE,REVIEW,931,Dexpramipexole,0.88
CID100004946,propranolol,FUZZY_CANDIDATE,REVIEW,932,Dexpropranolol,0.88
CID100005029,rabeprazole,FUZZY_CANDIDATE,REVIEW,933,Dexrabeprazole,0.88
CID100005591,troglitazone,FUZZY_CANDIDATE,REVIEW,2063,Netoglitazone,0.88
CID100005591,troglitazone,FUZZY_CANDIDATE,REVIEW,2597,Rivoglitazone,0.88
CID100005591,troglitazone,FUZZY_CANDIDATE,REVIEW,2616,Rosiglitazone,0.88
CID100040632,pirfenidone,FUZZY_CANDIDATE,REVIEW,913,Deupirfenidone,0.88
CID117754772,ruxolitinib,FUZZY_CANDIDATE,REVIEW,914,Deuruxolitinib,0.88
CID100000191,adenosine,FUZZY_CANDIDATE,REVIEW,132,Adenine,0.875
CID100003158,doxepin,FUZZY_CANDIDATE,REVIEW,702,Cidoxepin,0.875
CID100003249,vitamin,FUZZY_CANDIDATE,REVIEW,3110,Vitamin A,0.875
CID100003269,estriol,FUZZY_CANDIDATE,REVIEW,1171,Estradiol,0.875
CID100004812,vitamin,FUZZY_CANDIDATE,REVIEW,3110,Vitamin A,0.875
CID100002349,penicillin,FUZZY_CANDIDATE,REVIEW,2258,Penicillamine,0.8696
CID100002349,penicillin,FUZZY_CANDIDATE,REVIEW,2298,Pheneticillin,0.8696
CID100003825,ketoprofen,FUZZY_CANDIDATE,REVIEW,923,Dexketoprofen,0.8696
CID100004623,oxiconazole,FUZZY_CANDIDATE,REVIEW,3117,Voriconazole,0.8696
CID100004730,penicillin,FUZZY_CANDIDATE,REVIEW,2258,Penicillamine,0.8696
CID100004730,penicillin,FUZZY_CANDIDATE,REVIEW,2298,Pheneticillin,0.8696
CID100005404,terconazole,FUZZY_CANDIDATE,REVIEW,1644,Itraconazole,0.8696
CID100047471,butoconazole,FUZZY_CANDIDATE,REVIEW,2925,Tioconazole,0.8696
CID100003392,flurandrenolone,FUZZY_CANDIDATE,REVIEW,1338,Flurandrenolide,0.8667
CID100000612,lactate,FUZZY_CANDIDATE,REVIEW,107,Acetate,0.8571
CID100001206,methamphetamine,FUZZY_CANDIDATE,REVIEW,55,4-Methoxyamphetamine,0.8571
CID100002520,verapamil,FUZZY_CANDIDATE,REVIEW,942,Dexverapamil,0.8571
CID100003100,diphenhydramine,FUZZY_CANDIDATE,REVIEW,480,Bromodiphenhydramine,0.8571
CID100003198,econazole,FUZZY_CANDIDATE,REVIEW,1661,Ketoconazole,0.8571
CID100003672,ibuprofen,FUZZY_CANDIDATE,REVIEW,921,Dexibuprofen,0.8571
CID100004048,megestrol,FUZZY_CANDIDATE,REVIEW,1837,Melengestrol,0.8571
CID100004095,methadone,FUZZY_CANDIDATE,REVIEW,2121,Normethadone,0.8571
CID100004583,ofloxacin,FUZZY_CANDIDATE,REVIEW,1121,Enrofloxacin,0.8571
CID100004583,ofloxacin,FUZZY_CANDIDATE,REVIEW,1742,Lomefloxacin,0.8571
CID100004623,oxiconazole,FUZZY_CANDIDATE,REVIEW,1946,Miconazole,0.8571
CID100005071,rimantadine,FUZZY_CANDIDATE,REVIEW,197,Amantadine,0.8571
CID100019090,megestrol,FUZZY_CANDIDATE,REVIEW,1837,Melengestrol,0.8571
CID100047319,atracurium,FUZZY_CANDIDATE,REVIEW,1414,Gantacurium,0.8571
CID100060864,olopatadine,FUZZY_CANDIDATE,REVIEW,1755,Loratadine,0.8571
CID111235728,Saxagliptin,FUZZY_CANDIDATE,REVIEW,243,Anagliptin,0.8571
CID100119212,benzylpenicilloyl,FUZZY_CANDIDATE,REVIEW,403,Benzylpenicillin,0.8485
CID100000146,5-methyltetrahydrofolate,FUZZY_CANDIDATE,REVIEW,62,5-methyltetrahydrofolic acid,0.8462
CID100001206,methamphetamine,FUZZY_CANDIDATE,REVIEW,235,Amphetamine,0.8462
CID100002344,benztropine,FUZZY_CANDIDATE,REVIEW,1222,Etybenzatropine,0.8462
CID100002367,dexamethasone,FUZZY_CANDIDATE,REVIEW,415,Betamethasone,0.8462
CID100003003,dexamethasone,FUZZY_CANDIDATE,REVIEW,415,Betamethasone,0.8462
CID100055480,milnacipran,FUZZY_CANDIDATE,REVIEW,1711,Levomilnacipran,0.8462
CID100002349,penicillin,FUZZY_CANDIDATE,REVIEW,1133,Epicillin,0.8421
CID100002484,butenafine,FUZZY_CANDIDATE,REVIEW,498,Bunaftine,0.8421
CID100002800,clomiphene,FUZZY_CANDIDATE,REVIEW,752,Clomifene,0.8421
CID100003198,econazole,FUZZY_CANDIDATE,REVIEW,1946,Miconazole,0.8421
CID100004095,methadone,FUZZY_CANDIDATE,REVIEW,1871,Metadoxine,0.8421
CID100004730,penicillin,FUZZY_CANDIDATE,REVIEW,1133,Epicillin,0.8421
CID100005564,triclosan,FUZZY_CANDIDATE,REVIEW,3004,Trilostane,0.8421
CID100005651,Vancocine,FUZZY_CANDIDATE,REVIEW,3074,Vancomycin,0.8421
CID100037720,pentosan,FUZZY_CANDIDATE,REVIEW,2270,Pentostatin,0.8421
CID100051634,miglustat,FUZZY_CANDIDATE,REVIEW,1091,Eliglustat,0.8421
CID105381226,rifampicin,FUZZY_CANDIDATE,REVIEW,2573,Rifamycin,0.8421
CID109825285,azilsartan,FUZZY_CANDIDATE,REVIEW,3071,Valsartan,0.8421
CID111238823,azilsartan,FUZZY_CANDIDATE,REVIEW,3071,Valsartan,0.8421
CID100007012,phenylbutyric,FUZZY_CANDIDATE,REVIEW,2325,Phenylbutyric acid,0.8387
CID100001805,5-azacytidine,FUZZY_CANDIDATE,REVIEW,329,Azacitidine,0.8333
CID100002019,actinomycin,FUZZY_CANDIDATE,REVIEW,2716,Spectinomycin,0.8333
CID100003381,fluocinolone,FUZZY_CANDIDATE,REVIEW,1320,Fluocinonide,0.8333
CID100003883,lansoprazole,FUZZY_CANDIDATE,REVIEW,2228,Pantoprazole,0.8333
CID100004036,meclofenamate,FUZZY_CANDIDATE,REVIEW,1210,Etofenamate,0.8333
CID100004158,methylphenidate,FUZZY_CANDIDATE,REVIEW,2671,Serdexmethylphenidate,0.8333
CID100005404,terconazole,FUZZY_CANDIDATE,REVIEW,2175,Oteseconazole,0.8333
CID100047471,butoconazole,FUZZY_CANDIDATE,REVIEW,1661,Ketoconazole,0.8333
CID100065863,sertaconazole,FUZZY_CANDIDATE,REVIEW,20,(S)-econazole,0.8333
CID100091488,fluocinolone,FUZZY_CANDIDATE,REVIEW,1320,Fluocinonide,0.8333
CID100002153,theophylline,FUZZY_CANDIDATE,REVIEW,481,Bromotheophylline,0.8276
CID100004272,mycophenolic,FUZZY_CANDIDATE,REVIEW,2009,Mycophenolic acid,0.8276
CID100004042,medroxyprogesterone,FUZZY_CANDIDATE,REVIEW,1829,Medroxyprogesterone acetate,0.8261
CID100010631,medroxyprogesterone,FUZZY_CANDIDATE,REVIEW,1829,Medroxyprogesterone acetate,0.8261
CID100000232,arginine,FUZZY_CANDIDATE,REVIEW,268,Aprindine,0.8235
CID100002249,atenolol,FUZZY_CANDIDATE,REVIEW,592,Carteolol,0.8235
CID100003308,etodolac,FUZZY_CANDIDATE,REVIEW,1662,Ketorolac,0.8235
CID100003640,cortisol,FUZZY_CANDIDATE,REVIEW,790,Cortisone,0.8235
CID100003672,ibuprofen,FUZZY_CANDIDATE,REVIEW,2780,Suprofen,0.8235
CID100003821,ketamine,FUZZY_CANDIDATE,REVIEW,2982,Tretamine,0.8235
CID100004454,neomycin,FUZZY_CANDIDATE,REVIEW,452,Bleomycin,0.8235
CID100000338,salicylate,FUZZY_CANDIDATE,REVIEW,2635,Salicylamide,0.8182
CID100002019,actinomycin,FUZZY_CANDIDATE,REVIEW,2636,Salinomycin,0.8182
CID100002375,bicalutamide,FUZZY_CANDIDATE,REVIEW,2082,Nilutamide,0.8182
CID100003151,domperidone,FUZZY_CANDIDATE,REVIEW,1215,Etoperidone,0.8182
CID100003151,domperidone,FUZZY_CANDIDATE,REVIEW,1568,Iloperidone,0.8182
CID100003324,famciclovir,FUZZY_CANDIDATE,REVIEW,1413,Ganciclovir,0.8182
CID100003883,lansoprazole,FUZZY_CANDIDATE,REVIEW,1567,Ilaprazole,0.8182
CID100004030,mebendazole,FUZZY_CANDIDATE,REVIEW,144,Albendazole,0.8182
CID100004139,methylene,FUZZY_CANDIDATE,REVIEW,1884,Methapyrilene,0.8182
CID100004623,oxiconazole,FUZZY_CANDIDATE,REVIEW,2925,Tioconazole,0.8182
CID100005404,terconazole,FUZZY_CANDIDATE,REVIEW,20,(S)-econazole,0.8182
CID100015232,benzathine,FUZZY_CANDIDATE,REVIEW,387,Benzatropine,0.8182
CID100016124,methylene,FUZZY_CANDIDATE,REVIEW,1884,Methapyrilene,0.8182
CID111235728,Saxagliptin,FUZZY_CANDIDATE,REVIEW,2692,Sitagliptin,0.8182
CID116220172,ivacaftor,FUZZY_CANDIDATE,REVIEW,916,Deutivacaftor,0.8182
CID100002307,beclomethasone,FUZZY_CANDIDATE,REVIEW,148,Alclometasone,0.8148
CID100002307,beclomethasone,FUZZY_CANDIDATE,REVIEW,415,Betamethasone,0.8148
CID100002308,beclomethasone,FUZZY_CANDIDATE,REVIEW,148,Alclometasone,0.8148
CID100002308,beclomethasone,FUZZY_CANDIDATE,REVIEW,415,Betamethasone,0.8148
CID100002367,dexamethasone,FUZZY_CANDIDATE,REVIEW,905,Desoximetasone,0.8148
CID100003003,dexamethasone,FUZZY_CANDIDATE,REVIEW,905,Desoximetasone,0.8148
CID100003008,dextromethorphan,FUZZY_CANDIDATE,REVIEW,940,Dextrorphan,0.8148
CID100004271,mycophenolate,FUZZY_CANDIDATE,REVIEW,812,Cyclopentolate,0.8148
CID100062965,beclomethasone,FUZZY_CANDIDATE,REVIEW,148,Alclometasone,0.8148
CID100062965,beclomethasone,FUZZY_CANDIDATE,REVIEW,415,Betamethasone,0.8148
CID100000581,N-acetylcysteine,FUZZY_CANDIDATE,REVIEW,2013,N-acetyltyrosine,0.8125
CID100000401,D-cycloserine,FUZZY_CANDIDATE,REVIEW,816,Cyclosporine,0.8
CID100000738,glutamine,FUZZY_CANDIDATE,REVIEW,1406,Galantamine,0.8
CID100000750,glycine,FUZZY_CANDIDATE,REVIEW,1455,Glycerin,0.8
CID100000853,thyroxine,FUZZY_CANDIDATE,REVIEW,1539,Hydroxyzine,0.8
CID100002168,amorolfine,FUZZY_CANDIDATE,REVIEW,3073,Vamorolone,0.8
CID100002307,beclomethasone,FUZZY_CANDIDATE,REVIEW,740,Clobetasone,0.8
CID100002308,beclomethasone,FUZZY_CANDIDATE,REVIEW,740,Clobetasone,0.8
CID100002484,butenafine,FUZZY_CANDIDATE,REVIEW,494,Bufotenine,0.8
CID100002958,anthracycline,FUZZY_CANDIDATE,REVIEW,2873,Tetracycline,0.8
CID100003121,valproate,FUZZY_CANDIDATE,REVIEW,142,Alaproclate,0.8
CID100003269,estriol,FUZZY_CANDIDATE,REVIEW,1170,Estetrol,0.8
CID100003324,famciclovir,FUZZY_CANDIDATE,REVIEW,127,Acyclovir,0.8
CID100003324,famciclovir,FUZZY_CANDIDATE,REVIEW,3067,Valomaciclovir,0.8
CID100003381,fluocinolone,FUZZY_CANDIDATE,REVIEW,1322,Fluocortolone,0.8
CID100003386,fluoxetine,FUZZY_CANDIDATE,REVIEW,1058,Duloxetine,0.8
CID100003405,folate,FUZZY_CANDIDATE,REVIEW,1142,Epofolate,0.8
CID100003821,ketamine,FUZZY_CANDIDATE,REVIEW,414,Betaine,0.8
CID100003825,ketoprofen,FUZZY_CANDIDATE,REVIEW,1255,Fenoprofen,0.8
CID100004120,N-methylscopolamine,FUZZY_CANDIDATE,REVIEW,517,Butylscopolamine,0.8
CID100004594,omeprazole,FUZZY_CANDIDATE,REVIEW,1350,Fomepizole,0.8
CID100005215,sulfadiazine,FUZZY_CANDIDATE,REVIEW,2751,Sulfamerazine,0.8
CID100005215,sulfadiazine,FUZZY_CANDIDATE,REVIEW,2767,Sulfasalazine,0.8
CID100005408,testosterone,FUZZY_CANDIDATE,REVIEW,1921,Methyltestosterone,0.8
CID100005409,testosterone,FUZZY_CANDIDATE,REVIEW,1921,Methyltestosterone,0.8
CID100005410,testosterone,FUZZY_CANDIDATE,REVIEW,1921,Methyltestosterone,0.8
CID100008230,argenine,FUZZY_CANDIDATE,REVIEW,132,Adenine,0.8
CID100015232,benzathine,FUZZY_CANDIDATE,REVIEW,394,Benzocaine,0.8
CID100028332,propoxyphene,FUZZY_CANDIDATE,REVIEW,939,Dextropropoxyphene,0.8
CID100057697,pemirolast,FUZZY_CANDIDATE,REVIEW,266,Apremilast,0.8
CID100061799,monomethylfumarate,FUZZY_CANDIDATE,REVIEW,996,Dimethyl fumarate,0.8
CID100062965,beclomethasone,FUZZY_CANDIDATE,REVIEW,740,Clobetasone,0.8
CID100065863,sertaconazole,FUZZY_CANDIDATE,REVIEW,1644,Itraconazole,0.8
CID100065863,sertaconazole,FUZZY_CANDIDATE,REVIEW,1661,Ketoconazole,0.8
CID100091488,fluocinolone,FUZZY_CANDIDATE,REVIEW,1322,Fluocortolone,0.8
CID100216239,sorafenib,FUZZY_CANDIDATE,REVIEW,1112,Encorafenib,0.8
CID100216239,sorafenib,FUZZY_CANDIDATE,REVIEW,2539,Regorafenib,0.8
CID100216239,sorafenib,FUZZY_CANDIDATE,REVIEW,2963,Tovorafenib,0.8
CID100216258,Colimycin,FUZZY_CANDIDATE,REVIEW,736,Clindamycin,0.8
CID100455658,hemin,FUZZY_CANDIDATE,REVIEW,2564,Rhein,0.8
CID100489129,efinaconazole,FUZZY_CANDIDATE,REVIEW,1644,Itraconazole,0.8
CID103080904,Estrofem,FUZZY_CANDIDATE,REVIEW,1179,Estrone,0.8
CID109810131,ceftaroline,FUZZY_CANDIDATE,REVIEW,609,Cefazolin,0.8
CID100004042,medroxyprogesterone,FUZZY_CANDIDATE,REVIEW,1064,Dydrogesterone,0.7879
CID100010631,medroxyprogesterone,FUZZY_CANDIDATE,REVIEW,1064,Dydrogesterone,0.7879
CID100000861,triiodothyronine,FUZZY_CANDIDATE,REVIEW,1729,Liothyronine,0.7857
CID100002367,dexamethasone,FUZZY_CANDIDATE,REVIEW,937,Dextromethadone,0.7857
CID100002732,chlorthalidone,FUZZY_CANDIDATE,REVIEW,677,Chlorothiazide,0.7857
CID100003003,dexamethasone,FUZZY_CANDIDATE,REVIEW,937,Dextromethadone,0.7857
CID100002375,bicalutamide,FUZZY_CANDIDATE,REVIEW,260,Apalutamide,0.7826
CID100002713,chlorhexidine,FUZZY_CANDIDATE,REVIEW,1741,Lofexidine,0.7826
CID100002914,cyproterone,FUZZY_CANDIDATE,REVIEW,2455,Progesterone,0.7826
CID100002973,deferoxamine,FUZZY_CANDIDATE,REVIEW,634,Cefroxadine,0.7826
CID100003015,cyproterone,FUZZY_CANDIDATE,REVIEW,2455,Progesterone,0.7826
CID100003375,flumethasone,FUZZY_CANDIDATE,REVIEW,1344,Fluticasone,0.7826
CID100004030,mebendazole,FUZZY_CANDIDATE,REVIEW,393,Benznidazole,0.7826
CID100004139,methylene,FUZZY_CANDIDATE,REVIEW,1906,Methylecgonine,0.7826
CID100004139,methylene,FUZZY_CANDIDATE,REVIEW,1907,Methylene blue,0.7826
CID100004695,isosulfan,FUZZY_CANDIDATE,REVIEW,1638,Isosulfan blue,0.7826
CID100005215,sulfadiazine,FUZZY_CANDIDATE,REVIEW,2746,Sulfadoxine,0.7826
CID100006018,tetrabenazine,FUZZY_CANDIDATE,REVIEW,2871,Tetracaine,0.7826
CID100016124,methylene,FUZZY_CANDIDATE,REVIEW,1906,Methylecgonine,0.7826
CID100016124,methylene,FUZZY_CANDIDATE,REVIEW,1907,Methylene blue,0.7826
CID100029089,chlorhexidine,FUZZY_CANDIDATE,REVIEW,1741,Lofexidine,0.7826
CID100047471,butoconazole,FUZZY_CANDIDATE,REVIEW,1305,Fluconazole,0.7826
CID100123610,Eptifibatide,FUZZY_CANDIDATE,REVIEW,1132,Epibatidine,0.7826
CID100216416,lasofoxifene,FUZZY_CANDIDATE,REVIEW,137,Afimoxifene,0.7826
CID100489129,efinaconazole,FUZZY_CANDIDATE,REVIEW,1946,Miconazole,0.7826
CID111979316,vasopressin,FUZZY_CANDIDATE,REVIEW,901,Desmopressin,0.7826
CID100000191,adenosine,FUZZY_CANDIDATE,REVIEW,141,Alanosine,0.7778
CID100000738,glutamine,FUZZY_CANDIDATE,REVIEW,1343,Flutamide,0.7778
CID100000738,glutamine,FUZZY_CANDIDATE,REVIEW,1407,Gallamine,0.7778
CID100001071,retinol,FUZZY_CANDIDATE,REVIEW,2984,Tretoquinol,0.7778
CID100001134,thymidine,FUZZY_CANDIDATE,REVIEW,1461,Glymidine,0.7778
CID100002249,atenolol,FUZZY_CANDIDATE,REVIEW,180,Alprenolol,0.7778
CID100002284,baclofen,FUZZY_CANDIDATE,REVIEW,147,Alclofenac,0.7778
CID100003250,ergonovine,FUZZY_CANDIDATE,REVIEW,1069,Ecgonine,0.7778
CID100003256,monomycin,FUZZY_CANDIDATE,REVIEW,1969,Mitomycin,0.7778
CID100003640,cortisol,FUZZY_CANDIDATE,REVIEW,792,Cortivazol,0.7778
CID100003672,ibuprofen,FUZZY_CANDIDATE,REVIEW,2375,Pirprofen,0.7778
CID100003702,indapamide,FUZZY_CANDIDATE,REVIEW,3130,Xipamide,0.7778
CID100003734,iopamidol,FUZZY_CANDIDATE,REVIEW,2222,Palmidrol,0.7778
CID100003739,iodipamide,FUZZY_CANDIDATE,REVIEW,3130,Xipamide,0.7778
CID100004048,megestrol,FUZZY_CANDIDATE,REVIEW,1500,Hexestrol,0.7778
CID100004236,modafinil,FUZZY_CANDIDATE,REVIEW,135,Adrafinil,0.7778
CID100004454,neomycin,FUZZY_CANDIDATE,REVIEW,1127,Enviomycin,0.7778
CID100004454,neomycin,FUZZY_CANDIDATE,REVIEW,1725,Lincomycin,0.7778
CID100005040,rapamycin,FUZZY_CANDIDATE,REVIEW,256,Annamycin,0.7778
CID100005040,rapamycin,FUZZY_CANDIDATE,REVIEW,1655,Kanamycin,0.7778
CID100005064,ribavirin,FUZZY_CANDIDATE,REVIEW,1808,Maribavir,0.7778
CID100005564,triclosan,FUZZY_CANDIDATE,REVIEW,2993,Triclofos,0.7778
CID100005735,zopiclone,FUZZY_CANDIDATE,REVIEW,2159,Opicapone,0.7778
CID100005939,biguanide,FUZZY_CANDIDATE,REVIEW,1477,Guanidine,0.7778
CID100008230,argenine,FUZZY_CANDIDATE,REVIEW,2043,Naringenin,0.7778
CID100019090,megestrol,FUZZY_CANDIDATE,REVIEW,1500,Hexestrol,0.7778
CID100047640,naftifine,FUZZY_CANDIDATE,REVIEW,498,Bunaftine,0.7778
CID100062819,Metrodin,FUZZY_CANDIDATE,REVIEW,1939,Metyrosine,0.7778
CID100102399,dextran,FUZZY_CANDIDATE,REVIEW,940,Dextrorphan,0.7778
CID100197281,gadobenate,FUZZY_CANDIDATE,REVIEW,1397,Gabexate,0.7778
CID105001396,warfarin,FUZZY_CANDIDATE,REVIEW,2817,Tecarfarin,0.7778
CID106452749,Locorten,FUZZY_CANDIDATE,REVIEW,1321,Fluocortin,0.7778
CID109825285,azilsartan,FUZZY_CANDIDATE,REVIEW,1764,Losartan,0.7778
CID111238823,azilsartan,FUZZY_CANDIDATE,REVIEW,1764,Losartan,0.7778
CID100001125,tetrahydrobiopterin,FUZZY_CANDIDATE,REVIEW,67,"6S-5,6,7,8-Tetrahydrobiopterin",0.7755
CID109831761,irbesartan-hydrochlorothiazide,FUZZY_CANDIDATE,REVIEW,1513,Hydrochlorothiazide,0.7755
CID100001206,methamphetamine,FUZZY_CANDIDATE,REVIEW,1706,Levmetamfetamine,0.7742
CID100003008,dextromethorphan,FUZZY_CANDIDATE,REVIEW,937,Dextromethadone,0.7742
CID100003100,diphenhydramine,FUZZY_CANDIDATE,REVIEW,1008,Diphenylpyraline,0.7742
CID100003394,flurbiprofen,FUZZY_CANDIDATE,REVIEW,1340,Flurbiprofen axetil,0.7742
CID100003100,diphenhydramine,FUZZY_CANDIDATE,REVIEW,2306,Pheniramine,0.7692
CID100005300,streptozotocin,FUZZY_CANDIDATE,REVIEW,2730,Streptomycin,0.7692
CID100028332,propoxyphene,FUZZY_CANDIDATE,REVIEW,2475,Propyphenazone,0.7692
CID100489129,efinaconazole,FUZZY_CANDIDATE,REVIEW,1623,Isavuconazole,0.7692
CID100004271,mycophenolate,FUZZY_CANDIDATE,REVIEW,2008,Mycophenolate mofetil,0.7647
CID100000853,thyroxine,FUZZY_CANDIDATE,REVIEW,1729,Liothyronine,0.7619
CID100001054,pyridoxine,FUZZY_CANDIDATE,REVIEW,2412,Pralidoxime,0.7619
CID100002344,benztropine,FUZZY_CANDIDATE,REVIEW,394,Benzocaine,0.7619
CID100002484,butenafine,FUZZY_CANDIDATE,REVIEW,2852,Terbinafine,0.7619
CID100002914,cyproterone,FUZZY_CANDIDATE,REVIEW,2418,Prasterone,0.7619
CID100003015,cyproterone,FUZZY_CANDIDATE,REVIEW,2418,Prasterone,0.7619
CID100003256,monomycin,FUZZY_CANDIDATE,REVIEW,1947,Micronomicin,0.7619
CID100003256,monomycin,FUZZY_CANDIDATE,REVIEW,2140,Oleandomycin,0.7619
CID100003367,fludarabine,FUZZY_CANDIDATE,REVIEW,2054,Nelarabine,0.7619
CID100003386,fluoxetine,FUZZY_CANDIDATE,REVIEW,1348,Fluvoxamine,0.7619
CID100003739,iodipamide,FUZZY_CANDIDATE,REVIEW,1400,Gadodiamide,0.7619
CID100003825,ketoprofen,FUZZY_CANDIDATE,REVIEW,3137,Zaltoprofen,0.7619
CID100003911,Leuprorelin,FUZZY_CANDIDATE,REVIEW,2484,Protirelin,0.7619
CID100004673,pamidronate,FUZZY_CANDIDATE,REVIEW,218,Amiodarone,0.7619
CID100004946,propranolol,FUZZY_CANDIDATE,REVIEW,501,Bupranolol,0.7619
CID100004946,propranolol,FUZZY_CANDIDATE,REVIEW,763,Cloranolol,0.7619
CID100005029,rabeprazole,FUZZY_CANDIDATE,REVIEW,1567,Ilaprazole,0.7619
CID100005071,rimantadine,FUZZY_CANDIDATE,REVIEW,1755,Loratadine,0.7619
CID100005071,rimantadine,FUZZY_CANDIDATE,REVIEW,2533,Ranitidine,0.7619
CID100007638,monobenzone,FUZZY_CANDIDATE,REVIEW,2196,Oxybenzone,0.7619
CID100015232,benzathine,FUZZY_CANDIDATE,REVIEW,401,Benzydamine,0.7619
CID100025959,Prussian,FUZZY_CANDIDATE,REVIEW,2492,Prussian blue,0.7619
CID100040632,pirfenidone,FUZZY_CANDIDATE,REVIEW,2367,Piretanide,0.7619
CID100040632,pirfenidone,FUZZY_CANDIDATE,REVIEW,2431,Prednisone,0.7619
CID100041684,nitazoxanide,FUZZY_CANDIDATE,REVIEW,949,Diazoxide,0.7619
CID100054373,Octreotide,FUZZY_CANDIDATE,REVIEW,1999,Motretinide,0.7619
CID100060864,olopatadine,FUZZY_CANDIDATE,REVIEW,2627,Rupatadine,0.7619
CID100062816,colestipol,FUZZY_CANDIDATE,REVIEW,691,Cholesterol,0.7619
CID100065840,colestimide,FUZZY_CANDIDATE,REVIEW,124,Acotiamide,0.7619
CID100072081,Terlipressin,FUZZY_CANDIDATE,REVIEW,1783,Lypressin,0.7619
CID100158786,pegaptanib,FUZZY_CANDIDATE,REVIEW,2252,Pemigatinib,0.7619
CID106102852,gadobutrol,FUZZY_CANDIDATE,REVIEW,1404,Gadoteridol,0.7619
CID106850791,leuprorelin,FUZZY_CANDIDATE,REVIEW,2484,Protirelin,0.7619
CID109825285,azilsartan,FUZZY_CANDIDATE,REVIEW,2643,Saprisartan,0.7619
CID109898619,Depreotide,FUZZY_CANDIDATE,REVIEW,2241,Pasireotide,0.7619
CID111235728,Saxagliptin,FUZZY_CANDIDATE,REVIEW,173,Alogliptin,0.7619
CID111238823,azilsartan,FUZZY_CANDIDATE,REVIEW,2643,Saprisartan,0.7619
CID144567678,dalbavancin,FUZZY_CANDIDATE,REVIEW,2829,Telavancin,0.7619
CID156603655,pegaptanib,FUZZY_CANDIDATE,REVIEW,2252,Pemigatinib,0.7619
CID170695640,colestyramine,FUZZY_CANDIDATE,REVIEW,3039,Tyramine,0.7619
CID100000700,monoethanolamine,FUZZY_CANDIDATE,REVIEW,1887,Methazolamide,0.7586
CID100002713,chlorhexidine,FUZZY_CANDIDATE,REVIEW,679,Chlorpheniramine,0.7586
CID100002713,chlorhexidine,FUZZY_CANDIDATE,REVIEW,680,Chlorphenoxamine,0.7586
CID100002732,chlorthalidone,FUZZY_CANDIDATE,REVIEW,1822,Mechlorethamine,0.7586
CID100003916,levomepromazine,FUZZY_CANDIDATE,REVIEW,684,Chlorpromazine,0.7586
CID100029089,chlorhexidine,FUZZY_CANDIDATE,REVIEW,679,Chlorpheniramine,0.7586
CID100029089,chlorhexidine,FUZZY_CANDIDATE,REVIEW,680,Chlorphenoxamine,0.7586
CID100119212,benzylpenicilloyl,FUZZY_CANDIDATE,REVIEW,404,Benzylpenicilloyl polylysine,0.7556
CID100000085,carnitine,FUZZY_CANDIDATE,REVIEW,252,Aniline,0.75
CID100000085,carnitine,FUZZY_CANDIDATE,REVIEW,596,Cathine,0.75
CID100000146,5-methyltetrahydrofolate,FUZZY_CANDIDATE,REVIEW,3001,Triglu-5-formyl-tetrahydrofolate,0.75
CID100000159,prostacyclin,FUZZY_CANDIDATE,REVIEW,2452,Procyclidine,0.75
CID100000159,prostacyclin,FUZZY_CANDIDATE,REVIEW,2566,Ribostamycin,0.75
CID100000191,adenosine,FUZZY_CANDIDATE,REVIEW,1599,Inosine,0.75
CID100000232,arginine,FUZZY_CANDIDATE,REVIEW,239,Amrinone,0.75
CID100000401,D-cycloserine,FUZZY_CANDIDATE,REVIEW,959,Dicyclomine,0.75
CID100000699,Oestrogen,FUZZY_CANDIDATE,REVIEW,1179,Estrone,0.75
CID100000727,lindane,FUZZY_CANDIDATE,REVIEW,1583,Indalpine,0.75
CID100000727,lindane,FUZZY_CANDIDATE,REVIEW,1720,Lidocaine,0.75
CID100000727,lindane,FUZZY_CANDIDATE,REVIEW,1981,Molindone,0.75
CID100000750,glycine,FUZZY_CANDIDATE,REVIEW,1461,Glymidine,0.75
CID100000785,quinol,FUZZY_CANDIDATE,REVIEW,2510,Quinestrol,0.75
CID100000853,thyroxine,FUZZY_CANDIDATE,REVIEW,941,Dextrothyroxine,0.75
CID100001003,phosphate,FUZZY_CANDIDATE,REVIEW,2330,Phosphocreatine,0.75
CID100001054,pyridoxine,FUZZY_CANDIDATE,REVIEW,2498,Pyridostigmine,0.75
CID100001972,amphotericin,FUZZY_CANDIDATE,REVIEW,541,Camptothecin,0.75
CID100002153,theophylline,FUZZY_CANDIDATE,REVIEW,76,8-chlorotheophylline,0.75
CID100002958,anthracycline,FUZZY_CANDIDATE,REVIEW,1870,Metacycline,0.75
CID100002958,anthracycline,FUZZY_CANDIDATE,REVIEW,2649,Sarecycline,0.75
CID100002973,deferoxamine,FUZZY_CANDIDATE,REVIEW,1827,Medifoxamine,0.75
CID100003158,doxepin,FUZZY_CANDIDATE,REVIEW,1036,Dosulepin,0.75
CID100003249,vitamin,FUZZY_CANDIDATE,REVIEW,1505,Histamine,0.75
CID100003249,vitamin,FUZZY_CANDIDATE,REVIEW,3099,Vincamine,0.75
CID100003269,estriol,FUZZY_CANDIDATE,REVIEW,1500,Hexestrol,0.75
CID100003375,flumethasone,FUZZY_CANDIDATE,REVIEW,1488,Halometasone,0.75
CID100003381,fluocinolone,FUZZY_CANDIDATE,REVIEW,1303,Fluclorolone,0.75
CID100003916,levomepromazine,FUZZY_CANDIDATE,REVIEW,2458,Promazine,0.75
CID100004030,mebendazole,FUZZY_CANDIDATE,REVIEW,1937,Metronidazole,0.75
CID100004036,meclofenamate,FUZZY_CANDIDATE,REVIEW,747,Clofenamide,0.75
CID100004158,methylphenidate,FUZZY_CANDIDATE,REVIEW,1914,Methylphosphinate,0.75
CID100004271,mycophenolate,FUZZY_CANDIDATE,REVIEW,1847,Mepenzolate,0.75
CID100004812,vitamin,FUZZY_CANDIDATE,REVIEW,1505,Histamine,0.75
CID100004812,vitamin,FUZZY_CANDIDATE,REVIEW,3099,Vincamine,0.75
CID100005029,rabeprazole,FUZZY_CANDIDATE,REVIEW,468,Brexpiprazole,0.75
CID100005408,testosterone,FUZZY_CANDIDATE,REVIEW,1276,Fesoterodine,0.75
CID100005409,testosterone,FUZZY_CANDIDATE,REVIEW,1276,Fesoterodine,0.75
CID100005410,testosterone,FUZZY_CANDIDATE,REVIEW,1276,Fesoterodine,0.75
CID100005651,Vancocine,FUZZY_CANDIDATE,REVIEW,780,Cocaine,0.75
CID100005939,biguanide,FUZZY_CANDIDATE,REVIEW,1478,Guanine,0.75
CID100006018,tetrabenazine,FUZZY_CANDIDATE,REVIEW,2852,Terbinafine,0.75
CID100011973,Brolene,FUZZY_CANDIDATE,REVIEW,457,Boldenone,0.75
CID100014917,fluoride,FUZZY_CANDIDATE,REVIEW,1734,Lisuride,0.75
CID100028332,propoxyphene,FUZZY_CANDIDATE,REVIEW,2473,Propoxycaine,0.75
CID100042615,Supremon,FUZZY_CANDIDATE,REVIEW,2780,Suprofen,0.75
CID100060864,olopatadine,FUZZY_CANDIDATE,REVIEW,900,Desloratadine,0.75
CID100091488,fluocinolone,FUZZY_CANDIDATE,REVIEW,1303,Fluclorolone,0.75
CID100157921,methyl,FUZZY_CANDIDATE,REVIEW,1905,Methyldopa,0.75
CID106437075,Timentin,FUZZY_CANDIDATE,REVIEW,2952,Tolmetin,0.75
CID116129672,Insulin,FUZZY_CANDIDATE,REVIEW,1228,Exisulind,0.75
CID116137271,insulin,FUZZY_CANDIDATE,REVIEW,1228,Exisulind,0.75
CID156842239,n-3,FUZZY_CANDIDATE,REVIEW,2630,SN-38,0.75
CID100004786,phenylpropanolamine,FUZZY_CANDIDATE,REVIEW,1008,Diphenylpyraline,0.7429
CID100004786,phenylpropanolamine,FUZZY_CANDIDATE,REVIEW,2315,Phenoxypropazine,0.7429
CID100000338,salicylate,FUZZY_CANDIDATE,REVIEW,1458,Glycol salicylate,0.7407
CID100000338,salicylate,FUZZY_CANDIDATE,REVIEW,1903,Methyl salicylate,0.7407
CID100000700,monoethanolamine,FUZZY_CANDIDATE,REVIEW,1889,Methenamine,0.7407
CID100000700,monoethanolamine,FUZZY_CANDIDATE,REVIEW,1896,Methoxamine,0.7407
CID100002732,chlorthalidone,FUZZY_CANDIDATE,REVIEW,670,Chlormadinone,0.7407
CID100002973,deferoxamine,FUZZY_CANDIDATE,REVIEW,920,Dexfenfluramine,0.7407
CID100003375,flumethasone,FUZZY_CANDIDATE,REVIEW,1327,Fluorometholone,0.7407
CID100003916,levomepromazine,FUZZY_CANDIDATE,REVIEW,104,Acepromazine,0.7407
CID153627505,hydroxypropyl,FUZZY_CANDIDATE,REVIEW,1537,Hydroxytyrosol,0.7407
CID100000085,carnitine,FUZZY_CANDIDATE,REVIEW,588,Carmustine,0.7368
CID100000143,leucovorin,FUZZY_CANDIDATE,REVIEW,1716,Levovirin,0.7368
CID100000222,ammonia,FUZZY_CANDIDATE,REVIEW,225,Ammonia N-13,0.7368
CID100000961,hydroxyl,FUZZY_CANDIDATE,REVIEW,1538,Hydroxyurea,0.7368
CID100000961,hydroxyl,FUZZY_CANDIDATE,REVIEW,1539,Hydroxyzine,0.7368
CID100001054,pyridoxine,FUZZY_CANDIDATE,REVIEW,268,Aprindine,0.7368
CID100001071,retinol,FUZZY_CANDIDATE,REVIEW,56,4-Oxoretinol,0.7368
CID100001125,tetrahydrobiopterin,FUZZY_CANDIDATE,REVIEW,2875,Tetrahydropalmatine,0.7368
CID100001134,thymidine,FUZZY_CANDIDATE,REVIEW,909,Detomidine,0.7368
CID100002168,amorolfine,FUZZY_CANDIDATE,REVIEW,279,Arecoline,0.7368
CID100002284,baclofen,FUZZY_CANDIDATE,REVIEW,100,Aceclofenac,0.7368
CID100002767,cisplatin,FUZZY_CANDIDATE,REVIEW,705,Cilastatin,0.7368
CID100003121,valproate,FUZZY_CANDIDATE,REVIEW,3069,Valpromide,0.7368
CID100003410,formoterol,FUZZY_CANDIDATE,REVIEW,1256,Fenoterol,0.7368
CID100003410,formoterol,FUZZY_CANDIDATE,REVIEW,2582,Rimiterol,0.7368
CID100003443,fusidic,FUZZY_CANDIDATE,REVIEW,1384,Fusidic acid,0.7368
CID100003702,indapamide,FUZZY_CANDIDATE,REVIEW,1583,Indalpine,0.7368
CID100003739,iodipamide,FUZZY_CANDIDATE,REVIEW,758,Clopamide,0.7368
CID100003777,isopropyl,FUZZY_CANDIDATE,REVIEW,448,Bisoprolol,0.7368
CID100004594,omeprazole,FUZZY_CANDIDATE,REVIEW,1138,Epirizole,0.7368
CID100004695,isosulfan,FUZZY_CANDIDATE,REVIEW,2978,Treosulfan,0.7368
CID100005064,ribavirin,FUZZY_CANDIDATE,REVIEW,1032,Doravirine,0.7368
CID100005064,ribavirin,FUZZY_CANDIDATE,REVIEW,1220,Etravirine,0.7368
CID100005564,triclosan,FUZZY_CANDIDATE,REVIEW,3012,Trioxsalen,0.7368
CID100005651,Vancocine,FUZZY_CANDIDATE,REVIEW,3076,Vanoxerine,0.7368
CID100005735,zopiclone,FUZZY_CANDIDATE,REVIEW,2634,Sagopilone,0.7368
CID100005939,biguanide,FUZZY_CANDIDATE,REVIEW,497,Bumetanide,0.7368
CID100008230,argenine,FUZZY_CANDIDATE,REVIEW,259,Antrafenine,0.7368
CID100014917,fluoride,FUZZY_CANDIDATE,REVIEW,1300,Floxuridine,0.7368
CID100014917,fluoride,FUZZY_CANDIDATE,REVIEW,1315,Flunisolide,0.7368
CID100023982,gadolinium,FUZZY_CANDIDATE,REVIEW,184,Aluminium,0.7368
CID100044563,lodoxamide,FUZZY_CANDIDATE,REVIEW,758,Clopamide,0.7368
CID100044563,lodoxamide,FUZZY_CANDIDATE,REVIEW,2185,Oxatomide,0.7368
CID100044564,lodoxamide,FUZZY_CANDIDATE,REVIEW,758,Clopamide,0.7368
CID100044564,lodoxamide,FUZZY_CANDIDATE,REVIEW,2185,Oxatomide,0.7368
CID100047640,naftifine,FUZZY_CANDIDATE,REVIEW,1672,Lafutidine,0.7368
CID100047640,naftifine,FUZZY_CANDIDATE,REVIEW,2103,Nizatidine,0.7368
CID100054373,Octreotide,FUZZY_CANDIDATE,REVIEW,126,Acteoside,0.7368
CID100062819,Metrodin,FUZZY_CANDIDATE,REVIEW,1878,Metergoline,0.7368
CID100069512,malvidin,FUZZY_CANDIDATE,REVIEW,1798,Malacidin B,0.7368
CID100158786,pegaptanib,FUZZY_CANDIDATE,REVIEW,2244,Pazopanib,0.7368
CID100216258,Colimycin,FUZZY_CANDIDATE,REVIEW,572,Carbomycin,0.7368
CID100216258,Colimycin,FUZZY_CANDIDATE,REVIEW,782,Colchicine,0.7368
CID105381226,rifampicin,FUZZY_CANDIDATE,REVIEW,2575,Rifaximin,0.7368
CID106102852,gadobutrol,FUZZY_CANDIDATE,REVIEW,145,Albuterol,0.7368
CID106437075,Timentin,FUZZY_CANDIDATE,REVIEW,3006,Trimebutine,0.7368
CID116156130,exenatide,FUZZY_CANDIDATE,REVIEW,919,Dexetimide,0.7368
CID116220172,ivacaftor,FUZZY_CANDIDATE,REVIEW,1771,Lumacaftor,0.7368
CID116220172,ivacaftor,FUZZY_CANDIDATE,REVIEW,2880,Tezacaftor,0.7368
CID117754772,ruxolitinib,FUZZY_CANDIDATE,REVIEW,328,Axitinib,0.7368
CID156603655,pegaptanib,FUZZY_CANDIDATE,REVIEW,2244,Pazopanib,0.7368
CID100002914,cyproterone,FUZZY_CANDIDATE,REVIEW,821,Cyproterone acetate,0.7333
CID100003015,cyproterone,FUZZY_CANDIDATE,REVIEW,821,Cyproterone acetate,0.7333
CID100003392,flurandrenolone,FUZZY_CANDIDATE,REVIEW,1336,Fluprednisolone,0.7333
CID100004036,meclofenamate,FUZZY_CANDIDATE,REVIEW,1825,Meclofenamic acid,0.7333
CID100004120,N-methylscopolamine,FUZZY_CANDIDATE,REVIEW,2652,Scopolamine,0.7333
CID100157429,gadopentetate,FUZZY_CANDIDATE,REVIEW,1402,Gadopentetic acid,0.7333
CID109810131,ceftaroline,FUZZY_CANDIDATE,REVIEW,636,Ceftaroline fosamil,0.7333
CID100001125,tetrahydrobiopterin,FUZZY_CANDIDATE,REVIEW,2874,Tetrahydrocannabivarin,0.7317
CID103081276,fluticasone/salmeterol,FUZZY_CANDIDATE,REVIEW,1345,Fluticasone furoate,0.7317
CID100000159,prostacyclin,FUZZY_CANDIDATE,REVIEW,2481,Prostalene,0.7273
CID100000767,bicarbonate,FUZZY_CANDIDATE,REVIEW,1546,Ibandronate,0.7273
CID100000785,quinol,FUZZY_CANDIDATE,REVIEW,1149,Equol,0.7273
CID100000961,hydroxyl,FUZZY_CANDIDATE,REVIEW,1534,Hydroxyfasudil,0.7273
CID100001805,5-azacytidine,FUZZY_CANDIDATE,REVIEW,332,Azatadine,0.7273
CID100002153,theophylline,FUZZY_CANDIDATE,REVIEW,1065,Dyphylline,0.7273
CID100002800,clomiphene,FUZZY_CANDIDATE,REVIEW,753,Clomipramine,0.7273
CID100003367,fludarabine,FUZZY_CANDIDATE,REVIEW,744,Clofarabine,0.7273
CID100003367,fludarabine,FUZZY_CANDIDATE,REVIEW,1314,Flunarizine,0.7273
CID100003368,FAMP,FUZZY_CANDIDATE,REVIEW,1234,Famphur,0.7273
CID100004032,mecamylamine,FUZZY_CANDIDATE,REVIEW,1859,Mepyramine,0.7273
CID100004032,mecamylamine,FUZZY_CANDIDATE,REVIEW,1865,Mesalazine,0.7273
CID100004205,mirtazapine,FUZZY_CANDIDATE,REVIEW,1860,Mequitazine,0.7273
CID100004673,pamidronate,FUZZY_CANDIDATE,REVIEW,1546,Ibandronate,0.7273
CID100004891,praziquantel,FUZZY_CANDIDATE,REVIEW,261,Apaziquone,0.7273
CID100004932,propafenone,FUZZY_CANDIDATE,REVIEW,2453,Profenamine,0.7273
CID100047319,atracurium,FUZZY_CANDIDATE,REVIEW,2535,Rapacuronium,0.7273
CID100060936,tiludronate,FUZZY_CANDIDATE,REVIEW,1546,Ibandronate,0.7273
CID100123610,Eptifibatide,FUZZY_CANDIDATE,REVIEW,1211,Etofibrate,0.7273
CID100160036,MnDPDP,FUZZY_CANDIDATE,REVIEW,831,DPDPE,0.7273
CID100166548,Anidulafungin,FUZZY_CANDIDATE,REVIEW,89,Abafungin,0.7273
CID100192155,Prednefrin,FUZZY_CANDIDATE,REVIEW,2117,Norfenefrine,0.7273
CID100216416,lasofoxifene,FUZZY_CANDIDATE,REVIEW,2525,Raloxifene,0.7273
CID100455658,hemin,FUZZY_CANDIDATE,REVIEW,1103,Emodin,0.7273
CID109810131,ceftaroline,FUZZY_CANDIDATE,REVIEW,524,Cabergoline,0.7273
CID116134956,liraglutide,FUZZY_CANDIDATE,REVIEW,1723,Linaclotide,0.7273
CID116134956,liraglutide,FUZZY_CANDIDATE,REVIEW,2665,Semaglutide,0.7273
CID116139605,teduglutide,FUZZY_CANDIDATE,REVIEW,2665,Semaglutide,0.7273
CID117754772,ruxolitinib,FUZZY_CANDIDATE,REVIEW,95,Abrocitinib,0.7273
CID144201342,tesamorelin,FUZZY_CANDIDATE,REVIEW,1789,Macimorelin,0.7273
CID144201343,ecallantide,FUZZY_CANDIDATE,REVIEW,2388,Plecanatide,0.7273
CID100002442,bromhexine,FUZZY_CANDIDATE,REVIEW,483,Brompheniramine,0.72
CID100003209,eicosapentaenoic,FUZZY_CANDIDATE,REVIEW,1554,Icosapent,0.72
CID100003392,flurandrenolone,FUZZY_CANDIDATE,REVIEW,2036,Nandrolone,0.72
CID100003394,flurbiprofen,FUZZY_CANDIDATE,REVIEW,1318,Flunoxaprofen,0.72
CID100004932,propafenone,FUZZY_CANDIDATE,REVIEW,2475,Propyphenazone,0.72
CID100007638,monobenzone,FUZZY_CANDIDATE,REVIEW,214,Aminophenazone,0.72
CID100012453,zuclopenthixol,FUZZY_CANDIDATE,REVIEW,1330,Flupentixol,0.72
CID170695640,colestyramine,FUZZY_CANDIDATE,REVIEW,1177,Estramustine,0.72
CID100000937,niacin,FUZZY_CANDIDATE,REVIEW,207,Amikacin,0.7143
CID100000937,niacin,FUZZY_CANDIDATE,REVIEW,1118,Enoxacin,0.7143
CID100000937,niacin,FUZZY_CANDIDATE,REVIEW,2073,Nicotine,0.7143
CID100001071,retinol,FUZZY_CANDIDATE,REVIEW,1189,Ethanol,0.7143
CID100001990,acetohydroxamic,FUZZY_CANDIDATE,REVIEW,110,Acetohexamide,0.7143
CID100003158,doxepin,FUZZY_CANDIDATE,REVIEW,978,Digoxin,0.7143
CID100004727,D-penicillamine,FUZZY_CANDIDATE,REVIEW,2298,Pheneticillin,0.7143
CID100012620,Tadenan,FUZZY_CANDIDATE,REVIEW,132,Adenine,0.7143
CID100062819,Metrodin,FUZZY_CANDIDATE,REVIEW,1103,Emodin,0.7143
CID109815559,trans,FUZZY_CANDIDATE,REVIEW,2973,Tranilast,0.7143
CID109831414,Lovaza,FUZZY_CANDIDATE,REVIEW,737,Clobazam,0.7143
CID109831783,Stalevo,FUZZY_CANDIDATE,REVIEW,2710,Sotalol,0.7143
CID116129672,Insulin,FUZZY_CANDIDATE,REVIEW,1161,Esculin,0.7143
CID116129672,Insulin,FUZZY_CANDIDATE,REVIEW,1599,Inosine,0.7143
CID116137271,insulin,FUZZY_CANDIDATE,REVIEW,1161,Esculin,0.7143
CID116137271,insulin,FUZZY_CANDIDATE,REVIEW,1599,Inosine,0.7143
CID100358641,trimethoprim-sulfamethoxazole,FUZZY_CANDIDATE,REVIEW,2755,Sulfamethoxazole,0.7111
CID100000767,bicarbonate,FUZZY_CANDIDATE,REVIEW,226,Ammonium bicarbonate,0.7097
CID100000861,triiodothyronine,FUZZY_CANDIDATE,REVIEW,941,Dextrothyroxine,0.7097
CID100004786,phenylpropanolamine,FUZZY_CANDIDATE,REVIEW,2321,Phentolamine,0.7097
CID100000232,arginine,FUZZY_CANDIDATE,REVIEW,294,Articaine,0.7059
CID100000297,graphene,FUZZY_CANDIDATE,REVIEW,1157,Ertapenem,0.7059
CID100000785,quinol,FUZZY_CANDIDATE,REVIEW,2507,Quinagolide,0.7059
CID100000861,triiodothyronine,FUZZY_CANDIDATE,REVIEW,48,"3,5-Diiodotyrosine",0.7059
CID100001134,thymidine,FUZZY_CANDIDATE,REVIEW,2887,Thiamine,0.7059
CID100002520,verapamil,FUZZY_CANDIDATE,REVIEW,1104,Emopamil,0.7059
CID100002767,cisplatin,FUZZY_CANDIDATE,REVIEW,2386,Platinum,0.7059
CID100003155,dothiepin,FUZZY_CANDIDATE,REVIEW,3161,Zotepine,0.7059
CID100003308,etodolac,FUZZY_CANDIDATE,REVIEW,1223,Etynodiol,0.7059
CID100003517,icodextrin,FUZZY_CANDIDATE,REVIEW,781,Codeine,0.7059
CID100003734,iopamidol,FUZZY_CANDIDATE,REVIEW,1104,Emopamil,0.7059
CID100003734,iopamidol,FUZZY_CANDIDATE,REVIEW,3130,Xipamide,0.7059
CID100003738,iotrolan,FUZZY_CANDIDATE,REVIEW,1565,Ifetroban,0.7059
CID100003738,iotrolan,FUZZY_CANDIDATE,REVIEW,3020,Trolamine,0.7059
CID100003998,mafenide,FUZZY_CANDIDATE,REVIEW,231,Amonafide,0.7059
CID100004178,mexiletine,FUZZY_CANDIDATE,REVIEW,1101,Emetine,0.7059
CID100004695,isosulfan,FUZZY_CANDIDATE,REVIEW,505,Busulfan,0.7059
CID100005538,retinoic,FUZZY_CANDIDATE,REVIEW,1353,Foretinib,0.7059
CID100008197,tetraen,FUZZY_CANDIDATE,REVIEW,1840,Melitracen,0.7059
CID100008197,tetraen,FUZZY_CANDIDATE,REVIEW,2871,Tetracaine,0.7059
CID100008197,tetraen,FUZZY_CANDIDATE,REVIEW,2877,Tetrazepam,0.7059
CID100011973,Brolene,FUZZY_CANDIDATE,REVIEW,425,Bexarotene,0.7059
CID100011973,Brolene,FUZZY_CANDIDATE,REVIEW,847,Dantrolene,0.7059
CID100012620,Tadenan,FUZZY_CANDIDATE,REVIEW,2693,Sitaxentan,0.7059
CID100023926,lanthanum,FUZZY_CANDIDATE,REVIEW,2386,Platinum,0.7059
CID100023993,yttrium,FUZZY_CANDIDATE,REVIEW,2928,Tiotropium,0.7059
CID100025959,Prussian,FUZZY_CANDIDATE,REVIEW,1783,Lypressin,0.7059
CID100037720,pentosan,FUZZY_CANDIDATE,REVIEW,2327,Phenytoin,0.7059
CID100057166,Photofrin,FUZZY_CANDIDATE,REVIEW,1195,Ethotoin,0.7059
CID100069512,malvidin,FUZZY_CANDIDATE,REVIEW,196,Alvocidib,0.7059
CID100083606,strontium,FUZZY_CANDIDATE,REVIEW,3026,Trospium,0.7059
CID100122316,rasagiline,FUZZY_CANDIDATE,REVIEW,252,Aniline,0.7059
CID100157921,methyl,FUZZY_CANDIDATE,REVIEW,1923,Methyprylon,0.7059
CID100168924,lanthanum,FUZZY_CANDIDATE,REVIEW,2386,Platinum,0.7059
CID103086257,Photofrin,FUZZY_CANDIDATE,REVIEW,1195,Ethotoin,0.7059
CID105001396,warfarin,FUZZY_CANDIDATE,REVIEW,2021,Nafarelin,0.7059
CID105360237,Paroven,FUZZY_CANDIDATE,REVIEW,589,Caroverine,0.7059
CID105360237,Paroven,FUZZY_CANDIDATE,REVIEW,2240,Paroxetine,0.7059
CID105487068,Mersyndol,FUZZY_CANDIDATE,REVIEW,1864,Mersalyl,0.7059
CID106437075,Timentin,FUZZY_CANDIDATE,REVIEW,1844,Memantine,0.7059
CID111672461,gadofosveset,FUZZY_CANDIDATE,REVIEW,1401,Gadofosveset trisodium,0.7059
CID116131215,Abarelix,FUZZY_CANDIDATE,REVIEW,875,Degarelix,0.7059
CID116131215,Abarelix,FUZZY_CANDIDATE,REVIEW,2021,Nafarelin,0.7059
CID116132441,Refludan,FUZZY_CANDIDATE,REVIEW,1114,Enflurane,0.7059
CID122834577,nesiritide,FUZZY_CANDIDATE,REVIEW,2097,Nitrite,0.7059
CID144564722,Promacta,FUZZY_CANDIDATE,REVIEW,2363,Piracetam,0.7059
CID153477714,heparin,FUZZY_CANDIDATE,REVIEW,1494,Hesperetin,0.7059
CID100000143,leucovorin,FUZZY_CANDIDATE,REVIEW,1321,Fluocortin,0.7
CID100002168,amorolfine,FUZZY_CANDIDATE,REVIEW,218,Amiodarone,0.7
CID100002883,crotamiton,FUZZY_CANDIDATE,REVIEW,1154,Ergotamine,0.7
CID100003121,valproate,FUZZY_CANDIDATE,REVIEW,97,Acamprosate,0.7
CID100003155,dothiepin,FUZZY_CANDIDATE,REVIEW,772,Clothiapine,0.7
CID100003250,ergonovine,FUZZY_CANDIDATE,REVIEW,1154,Ergotamine,0.7
CID100003777,isopropyl,FUZZY_CANDIDATE,REVIEW,1963,Misoprostol,0.7
CID100004046,mefloquine,FUZZY_CANDIDATE,REVIEW,1313,Flumequine,0.7
CID100004046,mefloquine,FUZZY_CANDIDATE,REVIEW,1932,Metocurine,0.7
CID100004178,mexiletine,FUZZY_CANDIDATE,REVIEW,1206,Etilefrine,0.7
CID100004178,mexiletine,FUZZY_CANDIDATE,REVIEW,2917,Tiletamine,0.7
CID100004205,mirtazapine,FUZZY_CANDIDATE,REVIEW,1958,Minaprine,0.7
CID100004236,modafinil,FUZZY_CANDIDATE,REVIEW,1962,Mirodenafil,0.7
CID100004274,tetrofosmin,FUZZY_CANDIDATE,REVIEW,1879,Metformin,0.7
CID100004274,tetrofosmin,FUZZY_CANDIDATE,REVIEW,2851,Terazosin,0.7
CID100004673,pamidronate,FUZZY_CANDIDATE,REVIEW,2222,Palmidrol,0.7
CID100004891,praziquantel,FUZZY_CANDIDATE,REVIEW,2273,Perazine,0.7
CID100005538,retinoic,FUZZY_CANDIDATE,REVIEW,164,Alitretinoin,0.7
CID100006451,bromcresol,FUZZY_CANDIDATE,REVIEW,478,Bromisoval,0.7
CID100007638,monobenzone,FUZZY_CANDIDATE,REVIEW,391,Benzilone,0.7
CID100023982,gadolinium,FUZZY_CANDIDATE,REVIEW,123,Aclidinium,0.7
CID100036523,gonadorelin,FUZZY_CANDIDATE,REVIEW,1462,Goserelin,0.7
CID100036523,gonadorelin,FUZZY_CANDIDATE,REVIEW,1473,Guanadrel,0.7
CID100036523,gonadorelin,FUZZY_CANDIDATE,REVIEW,2021,Nafarelin,0.7
CID100037720,pentosan,FUZZY_CANDIDATE,REVIEW,2321,Phentolamine,0.7
CID100038904,carboplatin,FUZZY_CANDIDATE,REVIEW,568,Carbidopa,0.7
CID100041684,nitazoxanide,FUZZY_CANDIDATE,REVIEW,1559,Idazoxan,0.7
CID100044563,lodoxamide,FUZZY_CANDIDATE,REVIEW,1030,Dopexamine,0.7
CID100044564,lodoxamide,FUZZY_CANDIDATE,REVIEW,1030,Dopexamine,0.7
CID100047319,atracurium,FUZZY_CANDIDATE,REVIEW,150,Alcuronium,0.7
CID100054373,Octreotide,FUZZY_CANDIDATE,REVIEW,1680,Lanreotide,0.7
CID100055480,milnacipran,FUZZY_CANDIDATE,REVIEW,1958,Minaprine,0.7
CID100065840,colestimide,FUZZY_CANDIDATE,REVIEW,1925,Metiamide,0.7
CID100083606,strontium,FUZZY_CANDIDATE,REVIEW,2702,Sofpironium,0.7
CID100122316,rasagiline,FUZZY_CANDIDATE,REVIEW,766,Clorgiline,0.7
CID100122316,rasagiline,FUZZY_CANDIDATE,REVIEW,2410,Prajmaline,0.7
CID100135113,sacrosidase,FUZZY_CANDIDATE,REVIEW,126,Acteoside,0.7
CID100160051,colesevelam,FUZZY_CANDIDATE,REVIEW,2677,Sevelamer,0.7
CID100192155,Prednefrin,FUZZY_CANDIDATE,REVIEW,2318,Phenserine,0.7
CID103081884,copolymer,FUZZY_CANDIDATE,REVIEW,2652,Scopolamine,0.7
CID106102852,gadobutrol,FUZZY_CANDIDATE,REVIEW,352,Bambuterol,0.7
CID106452749,Locorten,FUZZY_CANDIDATE,REVIEW,741,Clocortolone,0.7
CID109898619,Depreotide,FUZZY_CANDIDATE,REVIEW,919,Dexetimide,0.7
CID109898619,Depreotide,FUZZY_CANDIDATE,REVIEW,1680,Lanreotide,0.7
CID111979316,vasopressin,FUZZY_CANDIDATE,REVIEW,1783,Lypressin,0.7
CID116129690,ziconotide,FUZZY_CANDIDATE,REVIEW,2339,Picotamide,0.7
CID116129690,ziconotide,FUZZY_CANDIDATE,REVIEW,3150,Zinc oxide,0.7
CID116156130,exenatide,FUZZY_CANDIDATE,REVIEW,1191,Ethenzamide,0.7
CID116156130,exenatide,FUZZY_CANDIDATE,REVIEW,2388,Plecanatide,0.7
CID144201343,ecallantide,FUZZY_CANDIDATE,REVIEW,362,Beclamide,0.7
CID144201343,ecallantide,FUZZY_CANDIDATE,REVIEW,1111,Encainide,0.7
CID144564722,Promacta,FUZZY_CANDIDATE,REVIEW,2461,Propacetamol,0.7
