STITCH_ID,SIDER_DrugName,CandidateDrugID,CandidateDrugName,Similarity,ChEBI_ID,CID,ConnectivitySMILES
CID100061799,monomethylfumarate,1988,Monomethyl fumarate,0.973,CHEBI:167450,5369209.0,COC(=O)C=CC(=O)O
CID100002019,actinomycin,838,Dactinomycin,0.9565,CHEBI:27666,457193.0,CC1C(C(=O)NC(C(=O)N2CCCC2C(=O)N(CC(=O)N(C(C(=O)O1)C(C)C)C)C)C(C)C)NC(=O)C3=C4C(=C(C=C3)C)OC5=C(C(=O)C(=C(C5=N4)C(=O)NC6C(OC(=O)C(N(C(=O)CN(C(=O)C7CCCN7C(=O)C(NC6=O)C(C)C)C)C)C(C)C)C)N)C
CID100002344,benztropine,387,Benzatropine,0.9565,CHEBI:3048,1201549.0,CN1C2CCC1CC(C2)OC(C3=CC=CC=C3)C4=CC=CC=C4
CID100000581,N-acetylcysteine,115,Acetylcysteine,0.9333,CHEBI:28939,12035.0,CC(=O)NC(CS)C(=O)O
CID100004727,D-penicillamine,2258,Penicillamine,0.9286,CHEBI:7959,5852.0,CC(C)(C(C(=O)O)N)S
CID100001972,amphotericin,236,Amphotericin B,0.9231,CHEBI:2682,5280965.0,CC1C=CC=CC=CC=CC=CC=CC=CC(CC2C(C(CC(O2)(CC(CC(C(CCC(CC(CC(=O)OC(C(C1O)C)C)O)O)O)O)O)O)O)C(=O)O)OC3C(C(C(C(O3)C)O)N)O
CID100002375,bicalutamide,11,(R)-Bicalutamide,0.9231,CHEBI:39589,56069.0,CC(CS(=O)(=O)C1=CC=C(C=C1)F)(C(=O)NC2=CC(=C(C=C2)C#N)C(F)(F)F)O
CID100003394,flurbiprofen,1162,Esflurbiprofen,0.9231,CHEBI:42446,72099.0,CC(C1=CC(=C(C=C1)C2=CC=CC=C2)F)C(=O)O
CID100004891,praziquantel,14,(R)-Praziquantel,0.9231,,445900.0,C1CCC(CC1)C(=O)N2CC3C4=CC=CC=C4CCN3C(=O)C2
CID100005300,streptozotocin,2731,Streptozocin,0.9231,CHEBI:9288,29327.0,CN(C(=O)NC1C(C(C(OC1O)CO)O)O)N=O
CID100005408,testosterone,26,1-Testosterone,0.9231,CHEBI:59714,236666.0,CC12CCC3C(C1CCC2O)CCC4C3(C=CC(=O)C4)C
CID100005409,testosterone,26,1-Testosterone,0.9231,CHEBI:59714,236666.0,CC12CCC3C(C1CCC2O)CCC4C3(C=CC(=O)C4)C
CID100005410,testosterone,26,1-Testosterone,0.9231,CHEBI:59714,236666.0,CC12CCC3C(C1CCC2O)CCC4C3(C=CC(=O)C4)C
CID100012453,zuclopenthixol,759,Clopenthixol,0.9231,,12454.0,C1CN(CCN1CCC=C2C3=CC=CC=C3SC4=C2C=C(C=C4)Cl)CCO
CID100000401,D-cycloserine,815,Cycloserine,0.9167,CHEBI:40009,6234.0,C1C(C(=O)NO1)N
CID100004205,mirtazapine,1165,Esmirtazapine,0.9167,,3085218.0,CN1CCN2C(C1)C3=CC=CC=C3CC4=C2N=CC=C4
CID100004932,propafenone,15,(R)-Propafenone,0.9167,,184819.0,CCCNCC(COC1=CC=CC=C1C(=O)CCC2=CC=CC=C2)O
CID100003008,dextromethorphan,911,Deudextromethorphan,0.9143,,25052519.0,CN1CCC23CCCCC2C1CC4=C3C=C(C=C4)OC
CID100002522,calcipotriol,531,Calcitriol,0.9091,CHEBI:17823,5280453.0,CC(CCCC(C)(C)O)C1CCC2C1(CCCC2=CC=C3CC(CC(C3=C)O)O)C
CID100003386,fluoxetine,12,(R)-Fluoxetine,0.9091,CHEBI:86991,1548970.0,CNCCC(C1=CC=CC=C1)OC2=CC=C(C=C2)C(F)(F)F
CID100003410,formoterol,280,Arformoterol,0.9091,CHEBI:408174,3083544.0,CC(CC1=CC=C(C=C1)OC)NCC(C2=CC(=C(C=C2)O)NC=O)O
CID100003702,indapamide,19,(S)-Indapamide,0.9091,,12598931.0,CC1CC2=CC=CC=C2N1NC(=O)C3=CC(=C(C=C3)Cl)S(=O)(=O)N
CID100004046,mefloquine,0,(+)-Mefloquine,0.9091,CHEBI:63684,456309.0,C1CCNC(C1)C(C2=CC(=NC3=C2C=CC=C3C(F)(F)F)C(F)(F)F)O
CID100004158,methylphenidate,928,Dexmethylphenidate,0.9091,CHEBI:51860,154101.0,COC(=O)C(C1CCCCN1)C2=CC=CC=C2
CID100004594,omeprazole,1167,Esomeprazole,0.9091,CHEBI:50275,9568614.0,CC1=CN=C(C(=C1OC)C)CS(=O)C2=NC3=C(N2)C=C(C=C3)OC
CID100003198,econazole,20,(S)-econazole,0.9,CHEBI:82872,12773795.0,C1=CC(=CC=C1COC(CN2C=CN=C2)C3=C(C=C(C=C3)Cl)Cl)Cl
CID100004048,megestrol,2107,Nomegestrol,0.9,CHEBI:135993,68783.0,CC1=CC2C(CCC3(C2CCC3(C(=O)C)O)C)C4C1=CC(=O)CC4
CID100004236,modafinil,285,Armodafinil,0.9,CHEBI:77590,9690109.0,C1=CC=C(C=C1)C(C2=CC=CC=C2)S(=O)CC(=O)N
CID100004583,ofloxacin,2118,Norfloxacin,0.9,CHEBI:100246,4539.0,CCN1C=C(C(=O)C2=CC(=C(C=C21)N3CCNCC3)F)C(=O)O
CID100005735,zopiclone,1181,Eszopiclone,0.9,CHEBI:53760,969472.0,CN1CCN(CC1)C(=O)OC2C3=NC=CN=C3C(=O)N2C4=NC=C(C=C4)Cl
CID100019090,megestrol,2107,Nomegestrol,0.9,CHEBI:135993,68783.0,CC1=CC2C(CCC3(C2CCC3(C(=O)C)O)C)C4C1=CC(=O)CC4
CID100000160,prostaglandin,2478,Prostaglandin B2,0.8966,CHEBI:28099,5280881.0,CCCCCC(C=CC1=C(C(=O)CC1)CC=CCCCC(=O)O)O
CID100000160,prostaglandin,2479,Prostaglandin D2,0.8966,CHEBI:15555,448457.0,CCCCCC(C=CC1C(C(CC1=O)O)CC=CCCCC(=O)O)O
CID100000160,prostaglandin,2480,Prostaglandin G2,0.8966,CHEBI:27647,5280883.0,CCCCCC(C=CC1C2CC(C1CC=CCCCC(=O)O)OO2)OO
CID100006018,tetrabenazine,915,Deutetrabenazine,0.8966,,73442840.0,CC(C)CC1CN2CCC3=CC(=C(C=C3C2CC1=O)OC)OC
CID100004042,medroxyprogesterone,1535,Hydroxyprogesterone,0.8947,CHEBI:17252,6238.0,CC(=O)C1(CCC2C1(CCC3C2CCC4=CC(=O)CCC34C)C)O
CID100010631,medroxyprogesterone,1535,Hydroxyprogesterone,0.8947,CHEBI:17252,6238.0,CC(=O)C1(CCC2C1(CCC3C2CCC4=CC(=O)CCC34C)C)O
CID100002249,atenolol,10,(R)-Atenolol,0.8889,CHEBI:55352,180559.0,CC(C)NCC(COC1=CC=C(C=C1)CC(=O)N)O
CID100002284,baclofen,275,Arbaclofen,0.8889,CHEBI:190735,44602.0,C1=CC(=CC=C1C(CC(=O)O)CN)Cl
CID100003308,etodolac,17,(R)-etodolac,0.8889,CHEBI:60370,667528.0,CCC1=C2C(=CC=C1)C3=C(N2)C(OCC3)(CC)CC(=O)O
CID100003821,ketamine,284,Arketamine,0.8889,CHEBI:580604,644025.0,CNC1(CCCCC1=O)C2=CC=CC=C2Cl
CID100003883,lansoprazole,924,Dexlansoprazole,0.8889,CHEBI:135931,9578005.0,CC1=C(C=CN=C1CS(=O)C2=NC3=CC=CC=C3N2)OCC(F)(F)F
CID100004032,mecamylamine,926,Dexmecamylamine,0.8889,,12358972.0,CC1(C2CCC(C2)C1(C)NC)C
CID100004095,methadone,1187,Ethadione,0.8889,CHEBI:81296,10630.0,CCN1C(=O)C(OC1=O)(C)C
CID100005040,rapamycin,265,Apramycin,0.8889,CHEBI:2790,3081545.0,CNC1C(C2C(CC(C(O2)OC3C(CC(C(C3O)O)N)N)N)OC1OC4C(C(C(C(O4)CO)N)O)O)O
CID105001396,warfarin,18,(R)-warfarin,0.8889,CHEBI:87737,54684598.0,CC(=O)CC(C1=CC=CC=C1)C2=C(C3=CC=CC=C3OC2=O)O
CID105381226,rifampicin,2572,Rifampin,0.8889,CHEBI:28077,135398735.0,CC1C=CC=C(C(=O)NC2=C(C(=C3C(=C2O)C(=C(C4=C3C(=O)C(O4)(OC=CC(C(C(C(C(C(C1O)C)O)C)OC(=O)C)C)OC)C)C)O)O)C=NN5CCN(CC5)C)C
CID100004120,N-methylscopolamine,1900,Methscopolamine,0.8824,CHEBI:135361,71183.0,C[N+]1(C2CC(CC1C3C2O3)OC(=O)C(CO)C4=CC=CC=C4)C
CID100003151,domperidone,912,Deudomperidone,0.88,,153420471.0,C1CN(CCC1N2C3=C(C=C(C=C3)Cl)NC2=O)CCCN4C5=CC=CC=C5NC4=O
CID100004885,pramipexole,931,Dexpramipexole,0.88,CHEBI:232420,59868.0,CCCNC1CCC2=C(C1)SC(=N2)N
CID100004946,propranolol,932,Dexpropranolol,0.88,CHEBI:8736,21138.0,CC(C)NCC(COC1=CC=CC2=CC=CC=C21)O
CID100005029,rabeprazole,933,Dexrabeprazole,0.88,CHEBI:134729,9906855.0,CC1=C(C=CN=C1CS(=O)C2=NC3=CC=CC=C3N2)OCCCOC
CID100005591,troglitazone,2063,Netoglitazone,0.88,,204109.0,C1=CC=C(C(=C1)COC2=CC3=C(C=C2)C=C(C=C3)CC4C(=O)NC(=O)S4)F
CID100005591,troglitazone,2597,Rivoglitazone,0.88,,3055168.0,CN1C2=C(C=CC(=C2)OC)N=C1COC3=CC=C(C=C3)CC4C(=O)NC(=O)S4
CID100005591,troglitazone,2616,Rosiglitazone,0.88,CHEBI:50122,77999.0,CN(CCOC1=CC=C(C=C1)CC2C(=O)NC(=O)S2)C3=CC=CC=N3
CID100040632,pirfenidone,913,Deupirfenidone,0.88,,25145077.0,CC1=CN(C(=O)C=C1)C2=CC=CC=C2
CID117754772,ruxolitinib,914,Deuruxolitinib,0.88,,72704611.0,C1CCC(C1)C(CC#N)N2C=C(C=N2)C3=C4C=CNC4=NC=N3
CID100000191,adenosine,132,Adenine,0.875,CHEBI:16708,190.0,C1=NC2=NC=NC(=C2N1)N
CID100003158,doxepin,702,Cidoxepin,0.875,CHEBI:4710,667468.0,CN(C)CCC=C1C2=CC=CC=C2COC3=CC=CC=C31
CID100003249,vitamin,3110,Vitamin A,0.875,CHEBI:17336,445354.0,CC1=C(C(CCC1)(C)C)C=CC(=CC=CC(=CCO)C)C
CID100003269,estriol,1171,Estradiol,0.875,CHEBI:16469,5757.0,CC12CCC3C(C1CCC2O)CCC4=C3C=CC(=C4)O
CID100004812,vitamin,3110,Vitamin A,0.875,CHEBI:17336,445354.0,CC1=C(C(CCC1)(C)C)C=CC(=CC=CC(=CCO)C)C
CID100002349,penicillin,2258,Penicillamine,0.8696,CHEBI:7959,5852.0,CC(C)(C(C(=O)O)N)S
CID100002349,penicillin,2298,Pheneticillin,0.8696,CHEBI:52427,272833.0,CC(C(=O)NC1C2N(C1=O)C(C(S2)(C)C)C(=O)O)OC3=CC=CC=C3
CID100003825,ketoprofen,923,Dexketoprofen,0.8696,CHEBI:76128,667550.0,CC(C1=CC(=CC=C1)C(=O)C2=CC=CC=C2)C(=O)O
CID100004623,oxiconazole,3117,Voriconazole,0.8696,CHEBI:10023,71616.0,CC(C1=NC=NC=C1F)C(CN2C=NC=N2)(C3=C(C=C(C=C3)F)F)O
CID100004730,penicillin,2258,Penicillamine,0.8696,CHEBI:7959,5852.0,CC(C)(C(C(=O)O)N)S
CID100004730,penicillin,2298,Pheneticillin,0.8696,CHEBI:52427,272833.0,CC(C(=O)NC1C2N(C1=O)C(C(S2)(C)C)C(=O)O)OC3=CC=CC=C3
CID100005404,terconazole,1644,Itraconazole,0.8696,CHEBI:6076,55283.0,CCC(C)N1C(=O)N(C=N1)C2=CC=C(C=C2)N3CCN(CC3)C4=CC=C(C=C4)OCC5COC(O5)(CN6C=NC=N6)C7=C(C=C(C=C7)Cl)Cl
CID100047471,butoconazole,2925,Tioconazole,0.8696,CHEBI:77898,5482.0,C1=CC(=C(C=C1Cl)Cl)C(CN2C=CN=C2)OCC3=C(SC=C3)Cl
CID100003392,flurandrenolone,1338,Flurandrenolide,0.8667,CHEBI:5127,15209.0,CC1(OC2CC3C4CC(C5=CC(=O)CCC5(C4C(CC3(C2(O1)C(=O)CO)C)O)C)F)C
CID100000612,lactate,107,Acetate,0.8571,CHEBI:30089,175.0,CC(=O)[O-]
CID100001206,methamphetamine,55,4-Methoxyamphetamine,0.8571,,31721.0,CC(CC1=CC=C(C=C1)OC)N
CID100002520,verapamil,942,Dexverapamil,0.8571,CHEBI:77734,65808.0,CC(C)C(CCCN(C)CCC1=CC(=C(C=C1)OC)OC)(C#N)C2=CC(=C(C=C2)OC)OC
CID100003100,diphenhydramine,480,Bromodiphenhydramine,0.8571,CHEBI:59177,2444.0,CN(C)CCOC(C1=CC=CC=C1)C2=CC=C(C=C2)Br
CID100003198,econazole,1661,Ketoconazole,0.8571,CHEBI:47518,47576.0,CC(=O)N1CCN(CC1)C2=CC=C(C=C2)OCC3COC(O3)(CN4C=CN=C4)C5=C(C=C(C=C5)Cl)Cl
CID100003672,ibuprofen,921,Dexibuprofen,0.8571,CHEBI:43415,39912.0,CC(C)CC1=CC=C(C=C1)C(C)C(=O)O
CID100004048,megestrol,1837,Melengestrol,0.8571,,9906614.0,CC1=CC2C(CCC3(C2CC(=C)C3(C(=O)C)O)C)C4(C1=CC(=O)CC4)C
CID100004095,methadone,2121,Normethadone,0.8571,CHEBI:135242,10090.0,CCC(=O)C(CCN(C)C)(C1=CC=CC=C1)C2=CC=CC=C2
CID100004583,ofloxacin,1121,Enrofloxacin,0.8571,CHEBI:35720,71188.0,CCN1CCN(CC1)C2=C(C=C3C(=C2)N(C=C(C3=O)C(=O)O)C4CC4)F
CID100004583,ofloxacin,1742,Lomefloxacin,0.8571,CHEBI:116278,3948.0,CCN1C=C(C(=O)C2=CC(=C(C(=C21)F)N3CCNC(C3)C)F)C(=O)O
CID100004623,oxiconazole,1946,Miconazole,0.8571,CHEBI:82892,4189.0,C1=CC(=C(C=C1Cl)Cl)COC(CN2C=CN=C2)C3=C(C=C(C=C3)Cl)Cl
CID100005071,rimantadine,197,Amantadine,0.8571,CHEBI:2618,2130.0,C1C2CC3CC1CC(C2)(C3)N
CID100019090,megestrol,1837,Melengestrol,0.8571,,9906614.0,CC1=CC2C(CCC3(C2CC(=C)C3(C(=O)C)O)C)C4(C1=CC(=O)CC4)C
CID100047319,atracurium,1414,Gantacurium,0.8571,,10102486.0,C[N+]1(CCC2=CC(=C(C=C2C1CC3=CC(=C(C(=C3)OC)OC)OC)OC)OC)CCCOC(=O)C(=CC(=O)OCCC[N+]4(CCC5=CC(=C(C=C5C4C6=CC(=C(C(=C6)OC)OC)OC)OC)OC)C)Cl
CID100060864,olopatadine,1755,Loratadine,0.8571,CHEBI:6538,3957.0,CCOC(=O)N1CCC(=C2C3=C(CCC4=C2N=CC=C4)C=C(C=C3)Cl)CC1
CID111235728,Saxagliptin,243,Anagliptin,0.8571,CHEBI:136043,44513473.0,CC1=NN2C=C(C=NC2=C1)C(=O)NCC(C)(C)NCC(=O)N3CCCC3C#N
CID100119212,benzylpenicilloyl,403,Benzylpenicillin,0.8485,CHEBI:18208,5904.0,CC1(C(N2C(S1)C(C2=O)NC(=O)CC3=CC=CC=C3)C(=O)O)C
CID100000146,5-methyltetrahydrofolate,62,5-methyltetrahydrofolic acid,0.8462,,135415868.0,CN1C(CNC2=C1C(=O)NC(=N2)N)CNC3=CC=C(C=C3)C(=O)NC(CCC(=O)O)C(=O)O
CID100001206,methamphetamine,235,Amphetamine,0.8462,CHEBI:132233,3007.0,CC(CC1=CC=CC=C1)N
CID100002344,benztropine,1222,Etybenzatropine,0.8462,CHEBI:135972,20055089.0,CCN1C2CCC1CC(C2)OC(C3=CC=CC=C3)C4=CC=CC=C4
CID100002367,dexamethasone,415,Betamethasone,0.8462,CHEBI:3077,9782.0,CC1CC2C3CCC4=CC(=O)C=CC4(C3(C(CC2(C1(C(=O)CO)O)C)O)F)C
CID100003003,dexamethasone,415,Betamethasone,0.8462,CHEBI:3077,9782.0,CC1CC2C3CCC4=CC(=O)C=CC4(C3(C(CC2(C1(C(=O)CO)O)C)O)F)C
CID100055480,milnacipran,1711,Levomilnacipran,0.8462,CHEBI:136040,6917779.0,CCN(CC)C(=O)C1(CC1CN)C2=CC=CC=C2
CID100002349,penicillin,1133,Epicillin,0.8421,CHEBI:58974,71392.0,CC1(C(N2C(S1)C(C2=O)NC(=O)C(C3=CCC=CC3)N)C(=O)O)C
CID100002484,butenafine,498,Bunaftine,0.8421,CHEBI:135392,36131.0,CCCCN(CCN(CC)CC)C(=O)C1=CC=CC2=CC=CC=C21
CID100002800,clomiphene,752,Clomifene,0.8421,CHEBI:177766,1548955.0,CCN(CC)CCOC1=CC=C(C=C1)C(=C(C2=CC=CC=C2)Cl)C3=CC=CC=C3
CID100003198,econazole,1946,Miconazole,0.8421,CHEBI:82892,4189.0,C1=CC(=C(C=C1Cl)Cl)COC(CN2C=CN=C2)C3=C(C=C(C=C3)Cl)Cl
CID100004095,methadone,1871,Metadoxine,0.8421,,115198.0,CC1=NC=C(C(=C1O)CO)CO.C1CC(=O)NC1C(=O)O
CID100004730,penicillin,1133,Epicillin,0.8421,CHEBI:58974,71392.0,CC1(C(N2C(S1)C(C2=O)NC(=O)C(C3=CCC=CC3)N)C(=O)O)C
CID100005564,triclosan,3004,Trilostane,0.8421,CHEBI:32260,656583.0,CC12CCC3C(C1CCC2O)CCC45C3(CC(=C(C4O5)O)C#N)C
CID100005651,Vancocine,3074,Vancomycin,0.8421,CHEBI:28001,14969.0,CC1C(C(CC(O1)OC2C(C(C(OC2OC3=C4C=C5C=C3OC6=C(C=C(C=C6)C(C(C(=O)NC(C(=O)NC5C(=O)NC7C8=CC(=C(C=C8)O)C9=C(C=C(C=C9O)O)C(NC(=O)C(C(C1=CC(=C(O4)C=C1)Cl)O)NC7=O)C(=O)O)CC(=O)N)NC(=O)C(CC(C)C)NC)O)Cl)CO)O)O)(C)N)O
CID100037720,pentosan,2270,Pentostatin,0.8421,CHEBI:27834,439693.0,C1C(C(OC1N2C=NC3=C2NC=NCC3O)CO)O
CID100051634,miglustat,1091,Eliglustat,0.8421,CHEBI:82752,23652731.0,CCCCCCCC(=O)NC(CN1CCCC1)C(C2=CC3=C(C=C2)OCCO3)O
CID105381226,rifampicin,2573,Rifamycin,0.8421,CHEBI:29673,6324616.0,CC1C=CC=C(C(=O)NC2=CC(=C3C(=C2O)C(=C(C4=C3C(=O)C(O4)(OC=CC(C(C(C(C(C(C1O)C)O)C)OC(=O)C)C)OC)C)C)O)O)C
CID109825285,azilsartan,3071,Valsartan,0.8421,CHEBI:9927,60846.0,CCCCC(=O)N(CC1=CC=C(C=C1)C2=CC=CC=C2C3=NNN=N3)C(C(C)C)C(=O)O
CID111238823,azilsartan,3071,Valsartan,0.8421,CHEBI:9927,60846.0,CCCCC(=O)N(CC1=CC=C(C=C1)C2=CC=CC=C2C3=NNN=N3)C(C(C)C)C(=O)O
CID100007012,phenylbutyric,2325,Phenylbutyric acid,0.8387,CHEBI:41500,4775.0,C1=CC=C(C=C1)CCCC(=O)O
CID100001805,5-azacytidine,329,Azacitidine,0.8333,CHEBI:2038,9444.0,C1=NC(=NC(=O)N1C2C(C(C(O2)CO)O)O)N
CID100002019,actinomycin,2716,Spectinomycin,0.8333,CHEBI:9215,15541.0,CC1CC(=O)C2(C(O1)OC3C(C(C(C(C3O2)NC)O)NC)O)O
CID100003381,fluocinolone,1320,Fluocinonide,0.8333,CHEBI:5109,9642.0,CC(=O)OCC(=O)C12C(CC3C1(CC(C4(C3CC(C5=CC(=O)C=CC54C)F)F)O)C)OC(O2)(C)C
CID100003883,lansoprazole,2228,Pantoprazole,0.8333,CHEBI:7915,4679.0,COC1=C(C(=NC=C1)CS(=O)C2=NC3=C(N2)C=C(C=C3)OC(F)F)OC
CID100004036,meclofenamate,1210,Etofenamate,0.8333,CHEBI:94731,35375.0,C1=CC=C(C(=C1)C(=O)OCCOCCO)NC2=CC=CC(=C2)C(F)(F)F
CID100004158,methylphenidate,2671,Serdexmethylphenidate,0.8333,,134823895.0,COC(=O)C(C1CCCCN1C(=O)OC[N+]2=CC=CC(=C2)C(=O)NC(CO)C(=O)[O-])C3=CC=CC=C3
CID100005404,terconazole,2175,Oteseconazole,0.8333,CHEBI:188153,77050711.0,C1=CC(=CC=C1C2=CN=C(C=C2)C(C(CN3C=NN=N3)(C4=C(C=C(C=C4)F)F)O)(F)F)OCC(F)(F)F
CID100047471,butoconazole,1661,Ketoconazole,0.8333,CHEBI:47518,47576.0,CC(=O)N1CCN(CC1)C2=CC=C(C=C2)OCC3COC(O3)(CN4C=CN=C4)C5=C(C=C(C=C5)Cl)Cl
CID100065863,sertaconazole,20,(S)-econazole,0.8333,CHEBI:82872,12773795.0,C1=CC(=CC=C1COC(CN2C=CN=C2)C3=C(C=C(C=C3)Cl)Cl)Cl
CID100091488,fluocinolone,1320,Fluocinonide,0.8333,CHEBI:5109,9642.0,CC(=O)OCC(=O)C12C(CC3C1(CC(C4(C3CC(C5=CC(=O)C=CC54C)F)F)O)C)OC(O2)(C)C
CID100002153,theophylline,481,Bromotheophylline,0.8276,,11808.0,CN1C2=C(C(=O)N(C1=O)C)NC(=N2)Br
CID100004272,mycophenolic,2009,Mycophenolic acid,0.8276,CHEBI:168396,446541.0,CC1=C2COC(=O)C2=C(C(=C1OC)CC=C(C)CCC(=O)O)O
CID100004042,medroxyprogesterone,1829,Medroxyprogesterone acetate,0.8261,CHEBI:6716,6279.0,CC1CC2C(CCC3(C2CCC3(C(=O)C)OC(=O)C)C)C4(C1=CC(=O)CC4)C
CID100010631,medroxyprogesterone,1829,Medroxyprogesterone acetate,0.8261,CHEBI:6716,6279.0,CC1CC2C(CCC3(C2CCC3(C(=O)C)OC(=O)C)C)C4(C1=CC(=O)CC4)C
CID100000232,arginine,268,Aprindine,0.8235,CHEBI:135370,2218.0,CCN(CC)CCCN(C1CC2=CC=CC=C2C1)C3=CC=CC=C3
CID100002249,atenolol,592,Carteolol,0.8235,CHEBI:3437,2583.0,CC(C)(C)NCC(COC1=CC=CC2=C1CCC(=O)N2)O
CID100003308,etodolac,1662,Ketorolac,0.8235,CHEBI:6129,3826.0,C1CN2C(=CC=C2C(=O)C3=CC=CC=C3)C1C(=O)O
CID100003640,cortisol,790,Cortisone,0.8235,CHEBI:16962,222786.0,CC12CCC(=O)C=C1CCC3C2C(=O)CC4(C3CCC4(C(=O)CO)O)C
CID100003672,ibuprofen,2780,Suprofen,0.8235,CHEBI:9362,5359.0,CC(C1=CC=C(C=C1)C(=O)C2=CC=CS2)C(=O)O
CID100003821,ketamine,2982,Tretamine,0.8235,CHEBI:27919,5799.0,C1CN1C2=NC(=NC(=N2)N3CC3)N4CC4
CID100004454,neomycin,452,Bleomycin,0.8235,,5360373.0,CC1=C(N=C(N=C1N)C(CC(=O)N)NCC(C(=O)N)N)C(=O)NC(C(C2=CN=CN2)OC3C(C(C(C(O3)CO)O)O)OC4C(C(C(C(O4)CO)O)OC(=O)N)O)C(=O)NC(C)C(C(C)C(=O)NC(C(C)O)C(=O)NCCC5=NC(=CS5)C6=NC(=CS6)C(=O)NCCC[S+](C)C)O
CID100000338,salicylate,2635,Salicylamide,0.8182,CHEBI:32114,5147.0,C1=CC=C(C(=C1)C(=O)N)O
CID100002019,actinomycin,2636,Salinomycin,0.8182,CHEBI:80025,3085092.0,CCC(C1CCC(C(O1)C(C)C(C(C)C(=O)C(CC)C2C(CC(C3(O2)C=CC(C4(O3)CCC(O4)(C)C5CCC(C(O5)C)(CC)O)O)C)C)O)C)C(=O)O
CID100002375,bicalutamide,2082,Nilutamide,0.8182,CHEBI:7573,4493.0,CC1(C(=O)N(C(=O)N1)C2=CC(=C(C=C2)[N+](=O)[O-])C(F)(F)F)C
CID100003151,domperidone,1215,Etoperidone,0.8182,CHEBI:135589,40589.0,CCC1=NN(C(=O)N1CC)CCCN2CCN(CC2)C3=CC(=CC=C3)Cl
CID100003151,domperidone,1568,Iloperidone,0.8182,CHEBI:65173,71360.0,CC(=O)C1=CC(=C(C=C1)OCCCN2CCC(CC2)C3=NOC4=C3C=CC(=C4)F)OC
CID100003324,famciclovir,1413,Ganciclovir,0.8182,CHEBI:465284,135398740.0,C1=NC2=C(N1COC(CO)CO)N=C(NC2=O)N
CID100003883,lansoprazole,1567,Ilaprazole,0.8182,CHEBI:135544,214351.0,CC1=C(C=CN=C1CS(=O)C2=NC3=C(N2)C=C(C=C3)N4C=CC=C4)OC
CID100004030,mebendazole,144,Albendazole,0.8182,CHEBI:16664,2082.0,CCCSC1=CC2=C(C=C1)N=C(N2)NC(=O)OC
CID100004139,methylene,1884,Methapyrilene,0.8182,CHEBI:6820,4098.0,CN(C)CCN(CC1=CC=CS1)C2=CC=CC=N2
CID100004623,oxiconazole,2925,Tioconazole,0.8182,CHEBI:77898,5482.0,C1=CC(=C(C=C1Cl)Cl)C(CN2C=CN=C2)OCC3=C(SC=C3)Cl
CID100005404,terconazole,20,(S)-econazole,0.8182,CHEBI:82872,12773795.0,C1=CC(=CC=C1COC(CN2C=CN=C2)C3=C(C=C(C=C3)Cl)Cl)Cl
CID100015232,benzathine,387,Benzatropine,0.8182,CHEBI:3048,1201549.0,CN1C2CCC1CC(C2)OC(C3=CC=CC=C3)C4=CC=CC=C4
CID100016124,methylene,1884,Methapyrilene,0.8182,CHEBI:6820,4098.0,CN(C)CCN(CC1=CC=CS1)C2=CC=CC=N2
CID111235728,Saxagliptin,2692,Sitagliptin,0.8182,CHEBI:40237,4369359.0,C1CN2C(=NN=C2C(F)(F)F)CN1C(=O)CC(CC3=CC(=C(C=C3F)F)F)N
CID116220172,ivacaftor,916,Deutivacaftor,0.8182,,71470491.0,CC(C)(C)C1=CC(=C(C=C1NC(=O)C2=CNC3=CC=CC=C3C2=O)O)C(C)(C)C
CID100002307,beclomethasone,148,Alclometasone,0.8148,CHEBI:53776,5311000.0,CC1CC2C3C(CC4=CC(=O)C=CC4(C3C(CC2(C1(C(=O)CO)O)C)O)C)Cl
CID100002307,beclomethasone,415,Betamethasone,0.8148,CHEBI:3077,9782.0,CC1CC2C3CCC4=CC(=O)C=CC4(C3(C(CC2(C1(C(=O)CO)O)C)O)F)C
CID100002308,beclomethasone,148,Alclometasone,0.8148,CHEBI:53776,5311000.0,CC1CC2C3C(CC4=CC(=O)C=CC4(C3C(CC2(C1(C(=O)CO)O)C)O)C)Cl
CID100002308,beclomethasone,415,Betamethasone,0.8148,CHEBI:3077,9782.0,CC1CC2C3CCC4=CC(=O)C=CC4(C3(C(CC2(C1(C(=O)CO)O)C)O)F)C
CID100002367,dexamethasone,905,Desoximetasone,0.8148,CHEBI:691037,5311067.0,CC1CC2C3CCC4=CC(=O)C=CC4(C3(C(CC2(C1C(=O)CO)C)O)F)C
CID100003003,dexamethasone,905,Desoximetasone,0.8148,CHEBI:691037,5311067.0,CC1CC2C3CCC4=CC(=O)C=CC4(C3(C(CC2(C1C(=O)CO)C)O)F)C
CID100003008,dextromethorphan,940,Dextrorphan,0.8148,CHEBI:29133,5360697.0,CN1CCC23CCCCC2C1CC4=C3C=C(C=C4)O
CID100004271,mycophenolate,812,Cyclopentolate,0.8148,CHEBI:4024,2905.0,CN(C)CCOC(=O)C(C1=CC=CC=C1)C2(CCCC2)O
CID100062965,beclomethasone,148,Alclometasone,0.8148,CHEBI:53776,5311000.0,CC1CC2C3C(CC4=CC(=O)C=CC4(C3C(CC2(C1(C(=O)CO)O)C)O)C)Cl
CID100062965,beclomethasone,415,Betamethasone,0.8148,CHEBI:3077,9782.0,CC1CC2C3CCC4=CC(=O)C=CC4(C3(C(CC2(C1(C(=O)CO)O)C)O)F)C
CID100000581,N-acetylcysteine,2013,N-acetyltyrosine,0.8125,CHEBI:21563,68310.0,CC(=O)NC(CC1=CC=C(C=C1)O)C(=O)O
CID100000401,D-cycloserine,816,Cyclosporine,0.8,CHEBI:4031,5284373.0,CCC1C(=O)N(CC(=O)N(C(C(=O)NC(C(=O)N(C(C(=O)NC(C(=O)NC(C(=O)N(C(C(=O)N(C(C(=O)N(C(C(=O)N(C(C(=O)N1)C(C(C)CC=CC)O)C)C(C)C)C)CC(C)C)C)CC(C)C)C)C)C)CC(C)C)C)C(C)C)CC(C)C)C)C
CID100000738,glutamine,1406,Galantamine,0.8,CHEBI:42944,9651.0,CN1CCC23C=CC(CC2OC4=C(C=CC(=C34)C1)OC)O
CID100000750,glycine,1455,Glycerin,0.8,CHEBI:17754,753.0,C(C(CO)O)O
CID100000853,thyroxine,1539,Hydroxyzine,0.8,CHEBI:5818,3658.0,C1CN(CCN1CCOCCO)C(C2=CC=CC=C2)C3=CC=C(C=C3)Cl
CID100002168,amorolfine,3073,Vamorolone,0.8,CHEBI:228304,3035000.0,CC1CC2C3CCC4=CC(=O)C=CC4(C3=CCC2(C1(C(=O)CO)O)C)C
CID100002307,beclomethasone,740,Clobetasone,0.8,CHEBI:177795,71387.0,CC1CC2C3CCC4=CC(=O)C=CC4(C3(C(=O)CC2(C1(C(=O)CCl)O)C)F)C
CID100002308,beclomethasone,740,Clobetasone,0.8,CHEBI:177795,71387.0,CC1CC2C3CCC4=CC(=O)C=CC4(C3(C(=O)CC2(C1(C(=O)CCl)O)C)F)C
CID100002484,butenafine,494,Bufotenine,0.8,CHEBI:3210,10257.0,CN(C)CCC1=CNC2=C1C=C(C=C2)O
CID100002958,anthracycline,2873,Tetracycline,0.8,CHEBI:27902,54675776.0,CC1(C2CC3C(C(=O)C(=C(C3(C(=O)C2=C(C4=C1C=CC=C4O)O)O)O)C(=O)N)N(C)C)O
CID100003121,valproate,142,Alaproclate,0.8,CHEBI:91544,2081.0,CC(C(=O)OC(C)(C)CC1=CC=C(C=C1)Cl)N
CID100003269,estriol,1170,Estetrol,0.8,CHEBI:142773,27125.0,CC12CCC3C(C1C(C(C2O)O)O)CCC4=C3C=CC(=C4)O
CID100003324,famciclovir,127,Acyclovir,0.8,CHEBI:2453,135398513.0,C1=NC2=C(N1COCCO)N=C(NC2=O)N
CID100003324,famciclovir,3067,Valomaciclovir,0.8,,135544014.0,CC(C)C(C(=O)OCCC(CN1C=NC2=C1N=C(NC2=O)N)CO)N
CID100003381,fluocinolone,1322,Fluocortolone,0.8,CHEBI:135581,9053.0,CC1CC2C3CC(C4=CC(=O)C=CC4(C3C(CC2(C1C(=O)CO)C)O)C)F
CID100003386,fluoxetine,1058,Duloxetine,0.8,CHEBI:36795,60835.0,CNCCC(C1=CC=CS1)OC2=CC=CC3=CC=CC=C32
CID100003405,folate,1142,Epofolate,0.8,,135566069.0,CC1CCCC2C(N2CCOC(=O)OCCSSCC(C(=O)O)NC(=O)C(CC(=O)O)NC(=O)C(CCCN=C(N)N)NC(=O)C(CC(=O)O)NC(=O)CCC(C(=O)O)NC(=O)C3=CC=C(C=C3)NCC4=CN=C5C(=N4)C(=O)NC(=N5)N)CC(OC(=O)CC(C(C(=O)C(C1O)C)(C)C)O)C(=CC6=CSC(=N6)C)C
CID100003821,ketamine,414,Betaine,0.8,CHEBI:17750,247.0,C[N+](C)(C)CC(=O)[O-]
CID100003825,ketoprofen,1255,Fenoprofen,0.8,CHEBI:5004,3342.0,CC(C1=CC(=CC=C1)OC2=CC=CC=C2)C(=O)O
CID100004120,N-methylscopolamine,517,Butylscopolamine,0.8,CHEBI:145701,160883.0,CCCC[N+]1(C2CC(CC1C3C2O3)OC(=O)C(CO)C4=CC=CC=C4)C
CID100004594,omeprazole,1350,Fomepizole,0.8,CHEBI:5141,3406.0,CC1=CNN=C1
CID100005215,sulfadiazine,2751,Sulfamerazine,0.8,CHEBI:102130,5325.0,CC1=NC(=NC=C1)NS(=O)(=O)C2=CC=C(C=C2)N
CID100005215,sulfadiazine,2767,Sulfasalazine,0.8,CHEBI:9334,5339.0,C1=CC=NC(=C1)NS(=O)(=O)C2=CC=C(C=C2)N=NC3=CC(=C(C=C3)O)C(=O)O
CID100005408,testosterone,1921,Methyltestosterone,0.8,CHEBI:27436,6010.0,CC12CCC(=O)C=C1CCC3C2CCC4(C3CCC4(C)O)C
CID100005409,testosterone,1921,Methyltestosterone,0.8,CHEBI:27436,6010.0,CC12CCC(=O)C=C1CCC3C2CCC4(C3CCC4(C)O)C
CID100005410,testosterone,1921,Methyltestosterone,0.8,CHEBI:27436,6010.0,CC12CCC(=O)C=C1CCC3C2CCC4(C3CCC4(C)O)C
CID100008230,argenine,132,Adenine,0.8,CHEBI:16708,190.0,C1=NC2=NC=NC(=C2N1)N
CID100015232,benzathine,394,Benzocaine,0.8,CHEBI:116735,2337.0,CCOC(=O)C1=CC=C(C=C1)N
CID100028332,propoxyphene,939,Dextropropoxyphene,0.8,CHEBI:51173,10100.0,CCC(=O)OC(CC1=CC=CC=C1)(C2=CC=CC=C2)C(C)CN(C)C
CID100057697,pemirolast,266,Apremilast,0.8,CHEBI:78540,11561674.0,CCOC1=C(C=CC(=C1)C(CS(=O)(=O)C)N2C(=O)C3=C(C2=O)C(=CC=C3)NC(=O)C)OC
CID100061799,monomethylfumarate,996,Dimethyl fumarate,0.8,CHEBI:76004,637568.0,COC(=O)C=CC(=O)OC
CID100062965,beclomethasone,740,Clobetasone,0.8,CHEBI:177795,71387.0,CC1CC2C3CCC4=CC(=O)C=CC4(C3(C(=O)CC2(C1(C(=O)CCl)O)C)F)C
CID100065863,sertaconazole,1644,Itraconazole,0.8,CHEBI:6076,55283.0,CCC(C)N1C(=O)N(C=N1)C2=CC=C(C=C2)N3CCN(CC3)C4=CC=C(C=C4)OCC5COC(O5)(CN6C=NC=N6)C7=C(C=C(C=C7)Cl)Cl
CID100065863,sertaconazole,1661,Ketoconazole,0.8,CHEBI:47518,47576.0,CC(=O)N1CCN(CC1)C2=CC=C(C=C2)OCC3COC(O3)(CN4C=CN=C4)C5=C(C=C(C=C5)Cl)Cl
CID100091488,fluocinolone,1322,Fluocortolone,0.8,CHEBI:135581,9053.0,CC1CC2C3CC(C4=CC(=O)C=CC4(C3C(CC2(C1C(=O)CO)C)O)C)F
CID100216239,sorafenib,1112,Encorafenib,0.8,,50922675.0,CC(C)N1C=C(C(=N1)C2=C(C(=CC(=C2)Cl)NS(=O)(=O)C)F)C3=NC(=NC=C3)NCC(C)NC(=O)OC
CID100216239,sorafenib,2539,Regorafenib,0.8,CHEBI:68647,11167602.0,CNC(=O)C1=NC=CC(=C1)OC2=CC(=C(C=C2)NC(=O)NC3=CC(=C(C=C3)Cl)C(F)(F)F)F
CID100216239,sorafenib,2963,Tovorafenib,0.8,CHEBI:167672,25161177.0,CC(C1=NC=C(S1)C(=O)NC2=NC=C(C(=C2)C(F)(F)F)Cl)NC(=O)C3=C(C(=NC=N3)N)Cl
CID100216258,Colimycin,736,Clindamycin,0.8,,446598.0,CCCC1CC(N(C1)C)C(=O)NC(C2C(C(C(C(O2)SC)O)O)O)C(C)Cl
CID100455658,hemin,2564,Rhein,0.8,CHEBI:8825,10168.0,C1=CC2=C(C(=C1)O)C(=O)C3=C(C2=O)C=C(C=C3O)C(=O)O
CID100489129,efinaconazole,1644,Itraconazole,0.8,CHEBI:6076,55283.0,CCC(C)N1C(=O)N(C=N1)C2=CC=C(C=C2)N3CCN(CC3)C4=CC=C(C=C4)OCC5COC(O5)(CN6C=NC=N6)C7=C(C=C(C=C7)Cl)Cl
CID103080904,Estrofem,1179,Estrone,0.8,CHEBI:17263,5870.0,CC12CCC3C(C1CCC2=O)CCC4=C3C=CC(=C4)O
CID109810131,ceftaroline,609,Cefazolin,0.8,CHEBI:474053,33255.0,CC1=NN=C(S1)SCC2=C(N3C(C(C3=O)NC(=O)CN4C=NN=N4)SC2)C(=O)O
CID100004042,medroxyprogesterone,1064,Dydrogesterone,0.7879,CHEBI:31527,9051.0,CC(=O)C1CCC2C1(CCC3C2C=CC4=CC(=O)CCC34C)C
CID100010631,medroxyprogesterone,1064,Dydrogesterone,0.7879,CHEBI:31527,9051.0,CC(=O)C1CCC2C1(CCC3C2C=CC4=CC(=O)CCC34C)C
CID100000861,triiodothyronine,1729,Liothyronine,0.7857,CHEBI:18258,5920.0,C1=CC(=C(C=C1OC2=C(C=C(C=C2I)CC(C(=O)O)N)I)I)O
CID100002367,dexamethasone,937,Dextromethadone,0.7857,CHEBI:167308,643985.0,CCC(=O)C(CC(C)N(C)C)(C1=CC=CC=C1)C2=CC=CC=C2
CID100002732,chlorthalidone,677,Chlorothiazide,0.7857,CHEBI:3640,2720.0,C1=C2C(=CC(=C1Cl)S(=O)(=O)N)S(=O)(=O)N=CN2
CID100003003,dexamethasone,937,Dextromethadone,0.7857,CHEBI:167308,643985.0,CCC(=O)C(CC(C)N(C)C)(C1=CC=CC=C1)C2=CC=CC=C2
CID100002375,bicalutamide,260,Apalutamide,0.7826,,24872560.0,CNC(=O)C1=C(C=C(C=C1)N2C(=S)N(C(=O)C23CCC3)C4=CC(=C(N=C4)C#N)C(F)(F)F)F
CID100002713,chlorhexidine,1741,Lofexidine,0.7826,CHEBI:51368,30668.0,CC(C1=NCCN1)OC2=C(C=CC=C2Cl)Cl
CID100002914,cyproterone,2455,Progesterone,0.7826,CHEBI:17026,5994.0,CC(=O)C1CCC2C1(CCC3C2CCC4=CC(=O)CCC34C)C
CID100002973,deferoxamine,634,Cefroxadine,0.7826,CHEBI:31379,5284529.0,COC1=C(N2C(C(C2=O)NC(=O)C(C3=CCC=CC3)N)SC1)C(=O)O
CID100003015,cyproterone,2455,Progesterone,0.7826,CHEBI:17026,5994.0,CC(=O)C1CCC2C1(CCC3C2CCC4=CC(=O)CCC34C)C
CID100003375,flumethasone,1344,Fluticasone,0.7826,CHEBI:5134,5311101.0,CC1CC2C3CC(C4=CC(=O)C=CC4(C3(C(CC2(C1(C(=O)SCF)O)C)O)F)C)F
CID100004030,mebendazole,393,Benznidazole,0.7826,CHEBI:133833,31593.0,C1=CC=C(C=C1)CNC(=O)CN2C=CN=C2[N+](=O)[O-]
CID100004139,methylene,1906,Methylecgonine,0.7826,CHEBI:31529,104904.0,CN1C2CCC1C(C(C2)O)C(=O)OC
CID100004139,methylene,1907,Methylene blue,0.7826,CHEBI:6872,6099.0,CN(C)C1=CC2=C(C=C1)N=C3C=CC(=[N+](C)C)C=C3S2.[Cl-]
CID100004695,isosulfan,1638,Isosulfan blue,0.7826,,50108.0,CCN(CC)C1=CC=C(C=C1)C(=C2C=CC(=[N+](CC)CC)C=C2)C3=C(C=CC(=C3)S(=O)(=O)[O-])S(=O)(=O)[O-].[Na+]
CID100005215,sulfadiazine,2746,Sulfadoxine,0.7826,CHEBI:9329,17134.0,COC1=C(N=CN=C1OC)NS(=O)(=O)C2=CC=C(C=C2)N
CID100006018,tetrabenazine,2871,Tetracaine,0.7826,CHEBI:9468,5411.0,CCCCNC1=CC=C(C=C1)C(=O)OCCN(C)C
CID100016124,methylene,1906,Methylecgonine,0.7826,CHEBI:31529,104904.0,CN1C2CCC1C(C(C2)O)C(=O)OC
CID100016124,methylene,1907,Methylene blue,0.7826,CHEBI:6872,6099.0,CN(C)C1=CC2=C(C=C1)N=C3C=CC(=[N+](C)C)C=C3S2.[Cl-]
CID100029089,chlorhexidine,1741,Lofexidine,0.7826,CHEBI:51368,30668.0,CC(C1=NCCN1)OC2=C(C=CC=C2Cl)Cl
CID100047471,butoconazole,1305,Fluconazole,0.7826,CHEBI:46081,3365.0,C1=CC(=C(C=C1F)F)C(CN2C=NC=N2)(CN3C=NC=N3)O
CID100123610,Eptifibatide,1132,Epibatidine,0.7826,,854023.0,C1CC2C(CC1N2)C3=CN=C(C=C3)Cl
CID100216416,lasofoxifene,137,Afimoxifene,0.7826,CHEBI:44616,449459.0,CCC(=C(C1=CC=C(C=C1)O)C2=CC=C(C=C2)OCCN(C)C)C3=CC=CC=C3
CID100489129,efinaconazole,1946,Miconazole,0.7826,CHEBI:82892,4189.0,C1=CC(=C(C=C1Cl)Cl)COC(CN2C=CN=C2)C3=C(C=C(C=C3)Cl)Cl
CID111979316,vasopressin,901,Desmopressin,0.7826,CHEBI:4450,5311065.0,C1CC(N(C1)C(=O)C2CSSCCC(=O)NC(C(=O)NC(C(=O)NC(C(=O)NC(C(=O)N2)CC(=O)N)CCC(=O)N)CC3=CC=CC=C3)CC4=CC=C(C=C4)O)C(=O)NC(CCCN=C(N)N)C(=O)NCC(=O)N
CID100000191,adenosine,141,Alanosine,0.7778,,90657278.0,C(C(C(=O)[O-])[NH3+])N(N=O)O
CID100000738,glutamine,1343,Flutamide,0.7778,CHEBI:5132,3397.0,CC(C)C(=O)NC1=CC(=C(C=C1)[N+](=O)[O-])C(F)(F)F
CID100000738,glutamine,1407,Gallamine,0.7778,CHEBI:503442,67425.0,CCN(CC)CCOC1=C(C(=CC=C1)OCCN(CC)CC)OCCN(CC)CC
CID100001071,retinol,2984,Tretoquinol,0.7778,CHEBI:135461,65772.0,COC1=CC(=CC(=C1OC)OC)CC2C3=CC(=C(C=C3CCN2)O)O
CID100001134,thymidine,1461,Glymidine,0.7778,CHEBI:146188,9565.0,COCCOC1=CN=C(N=C1)NS(=O)(=O)C2=CC=CC=C2
CID100002249,atenolol,180,Alprenolol,0.7778,CHEBI:51211,2119.0,CC(C)NCC(COC1=CC=CC=C1CC=C)O
CID100002284,baclofen,147,Alclofenac,0.7778,CHEBI:31183,30951.0,C=CCOC1=C(C=C(C=C1)CC(=O)O)Cl
CID100003250,ergonovine,1069,Ecgonine,0.7778,CHEBI:4743,91460.0,CN1C2CCC1C(C(C2)O)C(=O)O
CID100003256,monomycin,1969,Mitomycin,0.7778,CHEBI:27504,5746.0,CC1=C(C(=O)C2=C(C1=O)N3CC4C(C3(C2COC(=O)N)OC)N4)N
CID100003640,cortisol,792,Cortivazol,0.7778,CHEBI:135820,66249.0,CC1CC2C3C=C(C4=CC5=C(CC4(C3C(CC2(C1(C(=O)COC(=O)C)O)C)O)C)C=NN5C6=CC=CC=C6)C
CID100003672,ibuprofen,2375,Pirprofen,0.7778,CHEBI:135028,35935.0,CC(C1=CC(=C(C=C1)N2CC=CC2)Cl)C(=O)O
CID100003702,indapamide,3130,Xipamide,0.7778,CHEBI:135499,26618.0,CC1=C(C(=CC=C1)C)NC(=O)C2=CC(=C(C=C2O)Cl)S(=O)(=O)N
CID100003734,iopamidol,2222,Palmidrol,0.7778,CHEBI:71464,4671.0,CCCCCCCCCCCCCCCC(=O)NCCO
CID100003739,iodipamide,3130,Xipamide,0.7778,CHEBI:135499,26618.0,CC1=C(C(=CC=C1)C)NC(=O)C2=CC(=C(C=C2O)Cl)S(=O)(=O)N
CID100004048,megestrol,1500,Hexestrol,0.7778,,192197.0,CCC(C1=CC=C(C=C1)O)C(CC)C2=CC=C(C=C2)O
CID100004236,modafinil,135,Adrafinil,0.7778,CHEBI:135200,3033226.0,C1=CC=C(C=C1)C(C2=CC=CC=C2)S(=O)CC(=O)NO
CID100004454,neomycin,1127,Enviomycin,0.7778,,135565326.0,C1CNC(=NC1C2C(=O)NCC(C(=O)NC(C(=O)NC(C(=O)NC(=CNC(=O)N)C(=O)N2)CO)CO)NC(=O)CC(C(CCN)O)N)N
CID100004454,neomycin,1725,Lincomycin,0.7778,CHEBI:6472,3000540.0,CCCC1CC(N(C1)C)C(=O)NC(C2C(C(C(C(O2)SC)O)O)O)C(C)O
CID100005040,rapamycin,256,Annamycin,0.7778,,115212.0,CC1C(C(C(C(O1)OC2CC(CC3=C2C(=C4C(=C3O)C(=O)C5=CC=CC=C5C4=O)O)(C(=O)CO)O)I)O)O
CID100005040,rapamycin,1655,Kanamycin,0.7778,CHEBI:17630,6032.0,C1C(C(C(C(C1N)OC2C(C(C(C(O2)CN)O)O)O)O)OC3C(C(C(C(O3)CO)O)N)O)N
CID100005064,ribavirin,1808,Maribavir,0.7778,,471161.0,CC(C)NC1=NC2=CC(=C(C=C2N1C3C(C(C(O3)CO)O)O)Cl)Cl
CID100005564,triclosan,2993,Triclofos,0.7778,CHEBI:9695,5563.0,C(C(Cl)(Cl)Cl)OP(=O)(O)O
CID100005735,zopiclone,2159,Opicapone,0.7778,CHEBI:134699,135565903.0,CC1=C(C(=[N+](C(=C1Cl)C)[O-])Cl)C2=NOC(=N2)C3=CC(=C(C(=C3)O)O)[N+](=O)[O-]
CID100005939,biguanide,1477,Guanidine,0.7778,CHEBI:42820,3520.0,C(=N)(N)N
CID100008230,argenine,2043,Naringenin,0.7778,CHEBI:17846,439246.0,C1C(OC2=CC(=CC(=C2C1=O)O)O)C3=CC=C(C=C3)O
CID100019090,megestrol,1500,Hexestrol,0.7778,,192197.0,CCC(C1=CC=C(C=C1)O)C(CC)C2=CC=C(C=C2)O
CID100047640,naftifine,498,Bunaftine,0.7778,CHEBI:135392,36131.0,CCCCN(CCN(CC)CC)C(=O)C1=CC=CC2=CC=CC=C21
CID100062819,Metrodin,1939,Metyrosine,0.7778,CHEBI:6912,441350.0,CC(CC1=CC=C(C=C1)O)(C(=O)O)N
CID100102399,dextran,940,Dextrorphan,0.7778,CHEBI:29133,5360697.0,CN1CCC23CCCCC2C1CC4=C3C=C(C=C4)O
CID100197281,gadobenate,1397,Gabexate,0.7778,CHEBI:93036,3447.0,CCOC(=O)C1=CC=C(C=C1)OC(=O)CCCCCN=C(N)N
CID105001396,warfarin,2817,Tecarfarin,0.7778,,54718618.0,CC(C(F)(F)F)(C(F)(F)F)OC(=O)C1=CC=C(C=C1)CC2=C(C3=CC=CC=C3OC2=O)O
CID106452749,Locorten,1321,Fluocortin,0.7778,CHEBI:182409,22875828.0,CC1CC2C3CC(C4=CC(=O)C=CC4(C3C(CC2(C1C(=O)C(=O)O)C)O)C)F
CID109825285,azilsartan,1764,Losartan,0.7778,CHEBI:6541,3961.0,CCCCC1=NC(=C(N1CC2=CC=C(C=C2)C3=CC=CC=C3C4=NNN=N4)CO)Cl
CID111238823,azilsartan,1764,Losartan,0.7778,CHEBI:6541,3961.0,CCCCC1=NC(=C(N1CC2=CC=C(C=C2)C3=CC=CC=C3C4=NNN=N4)CO)Cl
CID100001125,tetrahydrobiopterin,67,"6S-5,6,7,8-Tetrahydrobiopterin",0.7755,,135509079.0,CC(C(C1CNC2=C(N1)C(=O)NC(=N2)N)O)O
CID109831761,irbesartan-hydrochlorothiazide,1513,Hydrochlorothiazide,0.7755,CHEBI:5778,3639.0,C1NC2=CC(=C(C=C2S(=O)(=O)N1)S(=O)(=O)N)Cl
CID100001206,methamphetamine,1706,Levmetamfetamine,0.7742,CHEBI:136013,36604.0,CC(CC1=CC=CC=C1)NC
CID100003008,dextromethorphan,937,Dextromethadone,0.7742,CHEBI:167308,643985.0,CCC(=O)C(CC(C)N(C)C)(C1=CC=CC=C1)C2=CC=CC=C2
CID100003100,diphenhydramine,1008,Diphenylpyraline,0.7742,CHEBI:59788,3103.0,CN1CCC(CC1)OC(C2=CC=CC=C2)C3=CC=CC=C3
CID100003394,flurbiprofen,1340,Flurbiprofen axetil,0.7742,CHEBI:31627,3395.0,CC(C1=CC(=C(C=C1)C2=CC=CC=C2)F)C(=O)OC(C)OC(=O)C
CID100003100,diphenhydramine,2306,Pheniramine,0.7692,CHEBI:91591,4761.0,CN(C)CCC(C1=CC=CC=C1)C2=CC=CC=N2
CID100005300,streptozotocin,2730,Streptomycin,0.7692,CHEBI:17076,19649.0,CC1C(C(C(O1)OC2C(C(C(C(C2O)O)N=C(N)N)O)N=C(N)N)OC3C(C(C(C(O3)CO)O)O)NC)(C=O)O
CID100028332,propoxyphene,2475,Propyphenazone,0.7692,CHEBI:135538,3778.0,CC1=C(C(=O)N(N1C)C2=CC=CC=C2)C(C)C
CID100489129,efinaconazole,1623,Isavuconazole,0.7692,CHEBI:85979,6918485.0,CC(C1=NC(=CS1)C2=CC=C(C=C2)C#N)C(CN3C=NC=N3)(C4=C(C=CC(=C4)F)F)O
CID100004271,mycophenolate,2008,Mycophenolate mofetil,0.7647,CHEBI:8764,5281078.0,CC1=C2COC(=O)C2=C(C(=C1OC)CC=C(C)CCC(=O)OCCN3CCOCC3)O
CID100000853,thyroxine,1729,Liothyronine,0.7619,CHEBI:18258,5920.0,C1=CC(=C(C=C1OC2=C(C=C(C=C2I)CC(C(=O)O)N)I)I)O
CID100001054,pyridoxine,2412,Pralidoxime,0.7619,CHEBI:8354,135398747.0,C[N+]1=CC=CC=C1C=NO
CID100002344,benztropine,394,Benzocaine,0.7619,CHEBI:116735,2337.0,CCOC(=O)C1=CC=C(C=C1)N
CID100002484,butenafine,2852,Terbinafine,0.7619,CHEBI:9448,1549008.0,CC(C)(C)C#CC=CCN(C)CC1=CC=CC2=CC=CC=C21
CID100002914,cyproterone,2418,Prasterone,0.7619,CHEBI:28689,5881.0,CC12CCC3C(C1CCC2=O)CC=C4C3(CCC(C4)O)C
CID100003015,cyproterone,2418,Prasterone,0.7619,CHEBI:28689,5881.0,CC12CCC3C(C1CCC2=O)CC=C4C3(CCC(C4)O)C
CID100003256,monomycin,1947,Micronomicin,0.7619,CHEBI:81283,3037206.0,CC1(COC(C(C1NC)O)OC2C(CC(C(C2O)OC3C(CCC(O3)CNC)N)N)N)O
CID100003256,monomycin,2140,Oleandomycin,0.7619,CHEBI:16869,72493.0,CC1CC(C(C(O1)OC2C(CC3(CO3)C(=O)C(C(C(C(OC(=O)C(C(C2C)OC4CC(C(C(O4)C)O)OC)C)C)C)O)C)C)O)N(C)C
CID100003367,fludarabine,2054,Nelarabine,0.7619,CHEBI:63612,3011155.0,COC1=NC(=NC2=C1N=CN2C3C(C(C(O3)CO)O)O)N
CID100003386,fluoxetine,1348,Fluvoxamine,0.7619,CHEBI:5138,5324346.0,COCCCCC(=NOCCN)C1=CC=C(C=C1)C(F)(F)F
CID100003739,iodipamide,1400,Gadodiamide,0.7619,,153921.0,CNC(=O)CN(CCN(CCN(CC(=O)NC)CC(=O)[O-])CC(=O)[O-])CC(=O)[O-].[Gd+3]
CID100003825,ketoprofen,3137,Zaltoprofen,0.7619,CHEBI:32306,5720.0,CC(C1=CC2=C(C=C1)SC3=CC=CC=C3C(=O)C2)C(=O)O
CID100003911,Leuprorelin,2484,Protirelin,0.7619,CHEBI:35940,638678.0,C1CC(N(C1)C(=O)C(CC2=CN=CN2)NC(=O)C3CCC(=O)N3)C(=O)N
CID100004673,pamidronate,218,Amiodarone,0.7619,CHEBI:2663,2157.0,CCCCC1=C(C2=CC=CC=C2O1)C(=O)C3=CC(=C(C(=C3)I)OCCN(CC)CC)I
CID100004946,propranolol,501,Bupranolol,0.7619,CHEBI:135123,2475.0,CC1=CC(=C(C=C1)Cl)OCC(CNC(C)(C)C)O
CID100004946,propranolol,763,Cloranolol,0.7619,CHEBI:135217,65814.0,CC(C)(C)NCC(COC1=C(C=CC(=C1)Cl)Cl)O
CID100005029,rabeprazole,1567,Ilaprazole,0.7619,CHEBI:135544,214351.0,CC1=C(C=CN=C1CS(=O)C2=NC3=C(N2)C=C(C=C3)N4C=CC=C4)OC
CID100005071,rimantadine,1755,Loratadine,0.7619,CHEBI:6538,3957.0,CCOC(=O)N1CCC(=C2C3=C(CCC4=C2N=CC=C4)C=C(C=C3)Cl)CC1
CID100005071,rimantadine,2533,Ranitidine,0.7619,CHEBI:8776,3001055.0,CNC(=C[N+](=O)[O-])NCCSCC1=CC=C(O1)CN(C)C
CID100007638,monobenzone,2196,Oxybenzone,0.7619,CHEBI:34283,4632.0,COC1=CC(=C(C=C1)C(=O)C2=CC=CC=C2)O
CID100015232,benzathine,401,Benzydamine,0.7619,CHEBI:94563,12555.0,CN(C)CCCOC1=NN(C2=CC=CC=C21)CC3=CC=CC=C3
CID100025959,Prussian,2492,Prussian blue,0.7619,CHEBI:30069,2724251.0,[C-]#N.[C-]#N.[C-]#N.[C-]#N.[C-]#N.[C-]#N.[C-]#N.[C-]#N.[C-]#N.[C-]#N.[C-]#N.[C-]#N.[C-]#N.[C-]#N.[C-]#N.[C-]#N.[C-]#N.[C-]#N.[Fe+2].[Fe+2].[Fe+2].[Fe+3].[Fe+3].[Fe+3].[Fe+3]
CID100040632,pirfenidone,2367,Piretanide,0.7619,CHEBI:32015,4849.0,C1CCN(C1)C2=C(C(=CC(=C2)C(=O)O)S(=O)(=O)N)OC3=CC=CC=C3
CID100040632,pirfenidone,2431,Prednisone,0.7619,CHEBI:8382,5865.0,CC12CC(=O)C3C(C1CCC2(C(=O)CO)O)CCC4=CC(=O)C=CC34C
CID100041684,nitazoxanide,949,Diazoxide,0.7619,CHEBI:4495,3019.0,CC1=NS(=O)(=O)C2=C(N1)C=CC(=C2)Cl
CID100054373,Octreotide,1999,Motretinide,0.7619,CHEBI:135490,6314185.0,CCNC(=O)C=C(C)C=CC=C(C)C=CC1=C(C(=C(C=C1C)OC)C)C
CID100060864,olopatadine,2627,Rupatadine,0.7619,CHEBI:135673,133017.0,CC1=CC(=CN=C1)CN2CCC(=C3C4=C(CCC5=C3N=CC=C5)C=C(C=C4)Cl)CC2
CID100062816,colestipol,691,Cholesterol,0.7619,CHEBI:16113,5997.0,CC(C)CCCC(C)C1CCC2C1(CCC3C2CC=C4C3(CCC(C4)O)C)C
CID100065840,colestimide,124,Acotiamide,0.7619,CHEBI:34523,5282338.0,CC(C)N(CCNC(=O)C1=CSC(=N1)NC(=O)C2=CC(=C(C=C2O)OC)OC)C(C)C
CID100072081,Terlipressin,1783,Lypressin,0.7619,CHEBI:94802,644076.0,C1CC(N(C1)C(=O)C2CSSCC(C(=O)NC(C(=O)NC(C(=O)NC(C(=O)NC(C(=O)N2)CC(=O)N)CCC(=O)N)CC3=CC=CC=C3)CC4=CC=C(C=C4)O)N)C(=O)NC(CCCCN)C(=O)NCC(=O)N
CID100158786,pegaptanib,2252,Pemigatinib,0.7619,,86705695.0,CCN1C2=C3C=C(NC3=NC=C2CN(C1=O)C4=C(C(=CC(=C4F)OC)OC)F)CN5CCOCC5
CID106102852,gadobutrol,1404,Gadoteridol,0.7619,,60714.0,CC(CN1CCN(CCN(CCN(CC1)CC(=O)[O-])CC(=O)[O-])CC(=O)[O-])O.[Gd+3]
CID106850791,leuprorelin,2484,Protirelin,0.7619,CHEBI:35940,638678.0,C1CC(N(C1)C(=O)C(CC2=CN=CN2)NC(=O)C3CCC(=O)N3)C(=O)N
CID109825285,azilsartan,2643,Saprisartan,0.7619,CHEBI:190069,60921.0,CCC1=NC(=C(N1CC2=CC3=C(C=C2)OC(=C3Br)C4=CC=CC=C4NS(=O)(=O)C(F)(F)F)C(=O)N)C5CC5
CID109898619,Depreotide,2241,Pasireotide,0.7619,CHEBI:72312,9941444.0,C1C(CN2C1C(=O)NC(C(=O)NC(C(=O)NC(C(=O)NC(C(=O)NC(C2=O)CC3=CC=CC=C3)CC4=CC=C(C=C4)OCC5=CC=CC=C5)CCCCN)CC6=CNC7=CC=CC=C76)C8=CC=CC=C8)OC(=O)NCCN
CID111235728,Saxagliptin,173,Alogliptin,0.7619,CHEBI:72323,11450633.0,CN1C(=O)C=C(N(C1=O)CC2=CC=CC=C2C#N)N3CCCC(C3)N
CID111238823,azilsartan,2643,Saprisartan,0.7619,CHEBI:190069,60921.0,CCC1=NC(=C(N1CC2=CC3=C(C=C2)OC(=C3Br)C4=CC=CC=C4NS(=O)(=O)C(F)(F)F)C(=O)N)C5CC5
CID144567678,dalbavancin,2829,Telavancin,0.7619,CHEBI:71229,3081362.0,CCCCCCCCCCNCCNC1(CC(OC(C1O)C)OC2C(C(C(OC2OC3=C4C=C5C=C3OC6=C(C=C(C=C6)C(C(C(=O)NC(C(=O)NC5C(=O)NC7C8=CC(=C(C=C8)O)C9=C(C(=C(C=C9C(NC(=O)C(C(C1=CC(=C(O4)C=C1)Cl)O)NC7=O)C(=O)O)O)CNCP(=O)(O)O)O)CC(=O)N)NC(=O)C(CC(C)C)NC)O)Cl)CO)O)O)C
CID156603655,pegaptanib,2252,Pemigatinib,0.7619,,86705695.0,CCN1C2=C3C=C(NC3=NC=C2CN(C1=O)C4=C(C(=CC(=C4F)OC)OC)F)CN5CCOCC5
CID170695640,colestyramine,3039,Tyramine,0.7619,CHEBI:15760,5610.0,C1=CC(=CC=C1CCN)O
CID100000700,monoethanolamine,1887,Methazolamide,0.7586,CHEBI:6822,4100.0,CC(=O)N=C1N(N=C(S1)S(=O)(=O)N)C
CID100002713,chlorhexidine,679,Chlorpheniramine,0.7586,CHEBI:52010,2725.0,CN(C)CCC(C1=CC=C(C=C1)Cl)C2=CC=CC=N2
CID100002713,chlorhexidine,680,Chlorphenoxamine,0.7586,CHEBI:135288,6475.0,CC(C1=CC=CC=C1)(C2=CC=C(C=C2)Cl)OCCN(C)C
CID100002732,chlorthalidone,1822,Mechlorethamine,0.7586,CHEBI:28925,4033.0,CN(CCCl)CCCl
CID100003916,levomepromazine,684,Chlorpromazine,0.7586,CHEBI:3647,2726.0,CN(C)CCCN1C2=CC=CC=C2SC3=C1C=C(C=C3)Cl
CID100029089,chlorhexidine,679,Chlorpheniramine,0.7586,CHEBI:52010,2725.0,CN(C)CCC(C1=CC=C(C=C1)Cl)C2=CC=CC=N2
CID100029089,chlorhexidine,680,Chlorphenoxamine,0.7586,CHEBI:135288,6475.0,CC(C1=CC=CC=C1)(C2=CC=C(C=C2)Cl)OCCN(C)C
CID100119212,benzylpenicilloyl,404,Benzylpenicilloyl polylysine,0.7556,,,
CID100000085,carnitine,252,Aniline,0.75,CHEBI:17296,6115.0,C1=CC=C(C=C1)N
CID100000085,carnitine,596,Cathine,0.75,CHEBI:4109,441457.0,CC(C(C1=CC=CC=C1)O)N
CID100000146,5-methyltetrahydrofolate,3001,Triglu-5-formyl-tetrahydrofolate,0.75,,135403827.0,C1C(N(C2=C(N1)N=C(NC2=O)N)C=O)CNC3=CC=C(C=C3)C(=O)NC(CCC(=O)NC(CCC(=O)NC(CCC(=O)O)C(=O)O)C(=O)O)C(=O)O
CID100000159,prostacyclin,2452,Procyclidine,0.75,CHEBI:8448,4919.0,C1CCC(CC1)C(CCN2CCCC2)(C3=CC=CC=C3)O
CID100000159,prostacyclin,2566,Ribostamycin,0.75,CHEBI:45257,33042.0,C1C(C(C(C(C1N)OC2C(C(C(C(O2)CN)O)O)N)OC3C(C(C(O3)CO)O)O)O)N
CID100000191,adenosine,1599,Inosine,0.75,CHEBI:17596,135398641.0,C1=NC2=C(C(=O)N1)N=CN2C3C(C(C(O3)CO)O)O
CID100000232,arginine,239,Amrinone,0.75,CHEBI:2686,3698.0,C1=CN=CC=C1C2=CNC(=O)C(=C2)N
CID100000401,D-cycloserine,959,Dicyclomine,0.75,CHEBI:4514,3042.0,CCN(CC)CCOC(=O)C1(CCCCC1)C2CCCCC2
CID100000699,Oestrogen,1179,Estrone,0.75,CHEBI:17263,5870.0,CC12CCC3C(C1CCC2=O)CCC4=C3C=CC(=C4)O
CID100000727,lindane,1583,Indalpine,0.75,CHEBI:134939,44668.0,C1CNCCC1CCC2=CNC3=CC=CC=C32
CID100000727,lindane,1720,Lidocaine,0.75,CHEBI:6456,3676.0,CCN(CC)CC(=O)NC1=C(C=CC=C1C)C
CID100000727,lindane,1981,Molindone,0.75,CHEBI:6965,23897.0,CCC1=C(NC2=C1C(=O)C(CC2)CN3CCOCC3)C
CID100000750,glycine,1461,Glymidine,0.75,CHEBI:146188,9565.0,COCCOC1=CN=C(N=C1)NS(=O)(=O)C2=CC=CC=C2
CID100000785,quinol,2510,Quinestrol,0.75,CHEBI:8716,9046.0,CC12CCC3C(C1CCC2(C#C)O)CCC4=C3C=CC(=C4)OC5CCCC5
CID100000853,thyroxine,941,Dextrothyroxine,0.75,CHEBI:30659,8730.0,C1=C(C=C(C(=C1I)OC2=CC(=C(C(=C2)I)O)I)I)CC(C(=O)O)N
CID100001003,phosphate,2330,Phosphocreatine,0.75,CHEBI:17287,9548602.0,CN(CC(=O)O)C(=NP(=O)(O)O)N
CID100001054,pyridoxine,2498,Pyridostigmine,0.75,CHEBI:8665,4991.0,C[N+]1=CC=CC(=C1)OC(=O)N(C)C
CID100001972,amphotericin,541,Camptothecin,0.75,CHEBI:27656,24360.0,CCC1(C2=C(COC1=O)C(=O)N3CC4=CC5=CC=CC=C5N=C4C3=C2)O
CID100002153,theophylline,76,8-chlorotheophylline,0.75,CHEBI:59771,10661.0,CN1C2=C(C(=O)N(C1=O)C)NC(=N2)Cl
CID100002958,anthracycline,1870,Metacycline,0.75,CHEBI:6805,54675785.0,CN(C)C1C2C(C3C(=C)C4=C(C(=CC=C4)O)C(=C3C(=O)C2(C(=C(C1=O)C(=O)N)O)O)O)O
CID100002958,anthracycline,2649,Sarecycline,0.75,,54681908.0,CN(C)C1C2CC3CC4=C(C=CC(=C4C(=C3C(=O)C2(C(=C(C1=O)C(=O)N)O)O)O)O)CN(C)OC
CID100002973,deferoxamine,1827,Medifoxamine,0.75,CHEBI:135061,36109.0,CN(C)CC(OC1=CC=CC=C1)OC2=CC=CC=C2
CID100003158,doxepin,1036,Dosulepin,0.75,CHEBI:36803,5284550.0,CN(C)CCC=C1C2=CC=CC=C2CSC3=CC=CC=C31
CID100003249,vitamin,1505,Histamine,0.75,CHEBI:18295,774.0,C1=C(NC=N1)CCN
CID100003249,vitamin,3099,Vincamine,0.75,CHEBI:9985,15376.0,CCC12CCCN3C1C4=C(CC3)C5=CC=CC=C5N4C(C2)(C(=O)OC)O
CID100003269,estriol,1500,Hexestrol,0.75,,192197.0,CCC(C1=CC=C(C=C1)O)C(CC)C2=CC=C(C=C2)O
CID100003375,flumethasone,1488,Halometasone,0.75,CHEBI:135724,9846332.0,CC1CC2C3CC(C4=CC(=O)C(=CC4(C3(C(CC2(C1(C(=O)CO)O)C)O)F)C)Cl)F
CID100003381,fluocinolone,1303,Fluclorolone,0.75,CHEBI:135986,76962649.0,CC12CC(C3(C(C1CC(C2(C(=O)CO)O)O)CC(C4=CC(=O)C=CC43C)F)Cl)Cl
CID100003916,levomepromazine,2458,Promazine,0.75,CHEBI:8459,4926.0,CN(C)CCCN1C2=CC=CC=C2SC3=CC=CC=C31
CID100004030,mebendazole,1937,Metronidazole,0.75,CHEBI:6909,4173.0,CC1=NC=C(N1CCO)[N+](=O)[O-]
CID100004036,meclofenamate,747,Clofenamide,0.75,CHEBI:31418,69594.0,C1=CC(=C(C=C1S(=O)(=O)N)S(=O)(=O)N)Cl
CID100004158,methylphenidate,1914,Methylphosphinate,0.75,,6369389.0,CP(=O)=O
CID100004271,mycophenolate,1847,Mepenzolate,0.75,CHEBI:94411,4057.0,C[N+]1(CCCC(C1)OC(=O)C(C2=CC=CC=C2)(C3=CC=CC=C3)O)C
CID100004812,vitamin,1505,Histamine,0.75,CHEBI:18295,774.0,C1=C(NC=N1)CCN
CID100004812,vitamin,3099,Vincamine,0.75,CHEBI:9985,15376.0,CCC12CCCN3C1C4=C(CC3)C5=CC=CC=C5N4C(C2)(C(=O)OC)O
CID100005029,rabeprazole,468,Brexpiprazole,0.75,CHEBI:134716,11978813.0,C1CN(CCN1CCCCOC2=CC3=C(C=C2)C=CC(=O)N3)C4=C5C=CSC5=CC=C4
CID100005408,testosterone,1276,Fesoterodine,0.75,CHEBI:135920,6918558.0,CC(C)C(=O)OC1=C(C=C(C=C1)CO)C(CCN(C(C)C)C(C)C)C2=CC=CC=C2
CID100005409,testosterone,1276,Fesoterodine,0.75,CHEBI:135920,6918558.0,CC(C)C(=O)OC1=C(C=C(C=C1)CO)C(CCN(C(C)C)C(C)C)C2=CC=CC=C2
CID100005410,testosterone,1276,Fesoterodine,0.75,CHEBI:135920,6918558.0,CC(C)C(=O)OC1=C(C=C(C=C1)CO)C(CCN(C(C)C)C(C)C)C2=CC=CC=C2
CID100005651,Vancocine,780,Cocaine,0.75,CHEBI:27958,446220.0,CN1C2CCC1C(C(C2)OC(=O)C3=CC=CC=C3)C(=O)OC
CID100005939,biguanide,1478,Guanine,0.75,CHEBI:16235,135398634.0,C1=NC2=C(N1)C(=O)NC(=N2)N
CID100006018,tetrabenazine,2852,Terbinafine,0.75,CHEBI:9448,1549008.0,CC(C)(C)C#CC=CCN(C)CC1=CC=CC2=CC=CC=C21
CID100011973,Brolene,457,Boldenone,0.75,CHEBI:34584,13308.0,CC12CCC3C(C1CCC2O)CCC4=CC(=O)C=CC34C
CID100014917,fluoride,1734,Lisuride,0.75,CHEBI:51164,28864.0,CCN(CC)C(=O)NC1CN(C2CC3=CNC4=CC=CC(=C34)C2=C1)C
CID100028332,propoxyphene,2473,Propoxycaine,0.75,CHEBI:8496,6843.0,CCCOC1=C(C=CC(=C1)N)C(=O)OCCN(CC)CC
CID100042615,Supremon,2780,Suprofen,0.75,CHEBI:9362,5359.0,CC(C1=CC=C(C=C1)C(=O)C2=CC=CS2)C(=O)O
CID100060864,olopatadine,900,Desloratadine,0.75,CHEBI:291342,124087.0,C1CC2=C(C=CC(=C2)Cl)C(=C3CCNCC3)C4=C1C=CC=N4
CID100091488,fluocinolone,1303,Fluclorolone,0.75,CHEBI:135986,76962649.0,CC12CC(C3(C(C1CC(C2(C(=O)CO)O)O)CC(C4=CC(=O)C=CC43C)F)Cl)Cl
CID100157921,methyl,1905,Methyldopa,0.75,CHEBI:61058,38853.0,CC(CC1=CC(=C(C=C1)O)O)(C(=O)O)N
CID106437075,Timentin,2952,Tolmetin,0.75,CHEBI:71941,5509.0,CC1=CC=C(C=C1)C(=O)C2=CC=C(N2C)CC(=O)O
CID116129672,Insulin,1228,Exisulind,0.75,CHEBI:64212,5472495.0,CC1=C(C2=C(C1=CC3=CC=C(C=C3)S(=O)(=O)C)C=CC(=C2)F)CC(=O)O
CID116137271,insulin,1228,Exisulind,0.75,CHEBI:64212,5472495.0,CC1=C(C2=C(C1=CC3=CC=C(C=C3)S(=O)(=O)C)C=CC(=C2)F)CC(=O)O
CID156842239,n-3,2630,SN-38,0.75,CHEBI:8988,104842.0,CCC1=C2CN3C(=CC4=C(C3=O)COC(=O)C4(CC)O)C2=NC5=C1C=C(C=C5)O
CID100004786,phenylpropanolamine,1008,Diphenylpyraline,0.7429,CHEBI:59788,3103.0,CN1CCC(CC1)OC(C2=CC=CC=C2)C3=CC=CC=C3
CID100004786,phenylpropanolamine,2315,Phenoxypropazine,0.7429,CHEBI:134799,71467.0,CC(COC1=CC=CC=C1)NN
CID100000338,salicylate,1458,Glycol salicylate,0.7407,CHEBI:86541,6880.0,C1=CC=C(C(=C1)C(=O)OCCO)O
CID100000338,salicylate,1903,Methyl salicylate,0.7407,CHEBI:31832,4133.0,COC(=O)C1=CC=CC=C1O
CID100000700,monoethanolamine,1889,Methenamine,0.7407,CHEBI:6824,4101.0,C1N2CN3CN1CN(C2)C3
CID100000700,monoethanolamine,1896,Methoxamine,0.7407,CHEBI:6839,6082.0,CC(C(C1=C(C=CC(=C1)OC)OC)O)N
CID100002732,chlorthalidone,670,Chlormadinone,0.7407,,5284533.0,CC(=O)C1(CCC2C1(CCC3C2C=C(C4=CC(=O)CCC34C)Cl)C)O
CID100002973,deferoxamine,920,Dexfenfluramine,0.7407,CHEBI:439329,66265.0,CCNC(C)CC1=CC(=CC=C1)C(F)(F)F
CID100003375,flumethasone,1327,Fluorometholone,0.7407,CHEBI:31625,9878.0,CC1CC2C3CCC(C3(CC(C2(C4(C1=CC(=O)C=C4)C)F)O)C)(C(=O)C)O
CID100003916,levomepromazine,104,Acepromazine,0.7407,CHEBI:44932,6077.0,CC(=O)C1=CC2=C(C=C1)SC3=CC=CC=C3N2CCCN(C)C
CID153627505,hydroxypropyl,1537,Hydroxytyrosol,0.7407,CHEBI:68889,82755.0,C1=CC(=C(C=C1CCO)O)O
CID100000085,carnitine,588,Carmustine,0.7368,CHEBI:3423,2578.0,C(CCl)NC(=O)N(CCCl)N=O
CID100000143,leucovorin,1716,Levovirin,0.7368,,460516.0,C1=NC(=NN1C2C(C(C(O2)CO)O)O)C(=O)N
CID100000222,ammonia,225,Ammonia N-13,0.7368,CHEBI:135980,119432.0,N
CID100000961,hydroxyl,1538,Hydroxyurea,0.7368,CHEBI:44423,3657.0,C(=O)(N)NO
CID100000961,hydroxyl,1539,Hydroxyzine,0.7368,CHEBI:5818,3658.0,C1CN(CCN1CCOCCO)C(C2=CC=CC=C2)C3=CC=C(C=C3)Cl
CID100001054,pyridoxine,268,Aprindine,0.7368,CHEBI:135370,2218.0,CCN(CC)CCCN(C1CC2=CC=CC=C2C1)C3=CC=CC=C3
CID100001071,retinol,56,4-Oxoretinol,0.7368,CHEBI:44597,5289090.0,CC1=C(C(CCC1=O)(C)C)C=CC(=CC=CC(=CCO)C)C
CID100001125,tetrahydrobiopterin,2875,Tetrahydropalmatine,0.7368,CHEBI:16563,72301.0,COC1=C(C2=C(CC3C4=CC(=C(C=C4CCN3C2)OC)OC)C=C1)OC
CID100001134,thymidine,909,Detomidine,0.7368,,56032.0,CC1=C(C(=CC=C1)CC2=CN=CN2)C
CID100002168,amorolfine,279,Arecoline,0.7368,CHEBI:2814,2230.0,CN1CCC=C(C1)C(=O)OC
CID100002284,baclofen,100,Aceclofenac,0.7368,CHEBI:31159,71771.0,C1=CC=C(C(=C1)CC(=O)OCC(=O)O)NC2=C(C=CC=C2Cl)Cl
CID100002767,cisplatin,705,Cilastatin,0.7368,CHEBI:3697,6435415.0,CC1(CC1C(=O)NC(=CCCCCSCC(C(=O)O)N)C(=O)O)C
CID100003121,valproate,3069,Valpromide,0.7368,CHEBI:74562,71113.0,CCCC(CCC)C(=O)N
CID100003410,formoterol,1256,Fenoterol,0.7368,CHEBI:149226,3343.0,CC(CC1=CC=C(C=C1)O)NCC(C2=CC(=CC(=C2)O)O)O
CID100003410,formoterol,2582,Rimiterol,0.7368,,46886609.0,C1CCNC(C1)C(C2=CC(=C(C=C2)O)O)O
CID100003443,fusidic,1384,Fusidic acid,0.7368,CHEBI:29013,3000226.0,CC1C2CCC3(C(C2(CCC1O)C)C(CC4C3(CC(C4=C(CCC=C(C)C)C(=O)O)OC(=O)C)C)O)C
CID100003702,indapamide,1583,Indalpine,0.7368,CHEBI:134939,44668.0,C1CNCCC1CCC2=CNC3=CC=CC=C32
CID100003739,iodipamide,758,Clopamide,0.7368,CHEBI:94521,12492.0,CC1CCCC(N1NC(=O)C2=CC(=C(C=C2)Cl)S(=O)(=O)N)C
CID100003777,isopropyl,448,Bisoprolol,0.7368,CHEBI:3127,2405.0,CC(C)NCC(COC1=CC=C(C=C1)COCCOC(C)C)O
CID100004594,omeprazole,1138,Epirizole,0.7368,CHEBI:31545,3242.0,CC1=CC(=NC(=N1)N2C(=CC(=N2)C)OC)OC
CID100004695,isosulfan,2978,Treosulfan,0.7368,CHEBI:82557,9882105.0,CS(=O)(=O)OCC(C(COS(=O)(=O)C)O)O
CID100005064,ribavirin,1032,Doravirine,0.7368,,58460047.0,CN1C(=NNC1=O)CN2C=CC(=C(C2=O)OC3=CC(=CC(=C3)C#N)Cl)C(F)(F)F
CID100005064,ribavirin,1220,Etravirine,0.7368,CHEBI:63589,193962.0,CC1=CC(=CC(=C1OC2=NC(=NC(=C2Br)N)NC3=CC=C(C=C3)C#N)C)C#N
CID100005564,triclosan,3012,Trioxsalen,0.7368,CHEBI:28329,5585.0,CC1=CC(=O)OC2=C1C=C3C=C(OC3=C2C)C
CID100005651,Vancocine,3076,Vanoxerine,0.7368,CHEBI:64089,3455.0,C1CN(CCN1CCCC2=CC=CC=C2)CCOC(C3=CC=C(C=C3)F)C4=CC=C(C=C4)F
CID100005735,zopiclone,2634,Sagopilone,0.7368,CHEBI:177512,11284169.0,CC1CCCC2(C(O2)CC(OC(=O)CC(C(C(=O)C(C1O)CC=C)(C)C)O)C3=CC4=C(C=C3)SC(=N4)C)C
CID100005939,biguanide,497,Bumetanide,0.7368,CHEBI:3213,2471.0,CCCCNC1=C(C(=CC(=C1)C(=O)O)S(=O)(=O)N)OC2=CC=CC=C2
CID100008230,argenine,259,Antrafenine,0.7368,CHEBI:135841,68723.0,C1CN(CCN1CCOC(=O)C2=CC=CC=C2NC3=C4C=CC(=CC4=NC=C3)C(F)(F)F)C5=CC=CC(=C5)C(F)(F)F
CID100014917,fluoride,1300,Floxuridine,0.7368,CHEBI:60761,5790.0,C1C(C(OC1N2C=C(C(=O)NC2=O)F)CO)O
CID100014917,fluoride,1315,Flunisolide,0.7368,CHEBI:5106,82153.0,CC1(OC2CC3C4CC(C5=CC(=O)C=CC5(C4C(CC3(C2(O1)C(=O)CO)C)O)C)F)C
CID100023982,gadolinium,184,Aluminium,0.7368,CHEBI:33629,5359268.0,[Al]
CID100044563,lodoxamide,758,Clopamide,0.7368,CHEBI:94521,12492.0,CC1CCCC(N1NC(=O)C2=CC(=C(C=C2)Cl)S(=O)(=O)N)C
CID100044563,lodoxamide,2185,Oxatomide,0.7368,CHEBI:31943,4615.0,C1CN(CCN1CCCN2C3=CC=CC=C3NC2=O)C(C4=CC=CC=C4)C5=CC=CC=C5
CID100044564,lodoxamide,758,Clopamide,0.7368,CHEBI:94521,12492.0,CC1CCCC(N1NC(=O)C2=CC(=C(C=C2)Cl)S(=O)(=O)N)C
CID100044564,lodoxamide,2185,Oxatomide,0.7368,CHEBI:31943,4615.0,C1CN(CCN1CCCN2C3=CC=CC=C3NC2=O)C(C4=CC=CC=C4)C5=CC=CC=C5
CID100047640,naftifine,1672,Lafutidine,0.7368,CHEBI:31759,5282136.0,C1CCN(CC1)CC2=CC(=NC=C2)OCC=CCNC(=O)CS(=O)CC3=CC=CO3
CID100047640,naftifine,2103,Nizatidine,0.7368,,4513.0,CNC(=C[N+](=O)[O-])NCCSCC1=CSC(=N1)CN(C)C
CID100054373,Octreotide,126,Acteoside,0.7368,CHEBI:132853,5281800.0,CC1C(C(C(C(O1)OC2C(C(OC(C2OC(=O)C=CC3=CC(=C(C=C3)O)O)CO)OCCC4=CC(=C(C=C4)O)O)O)O)O)O
CID100062819,Metrodin,1878,Metergoline,0.7368,CHEBI:64216,28693.0,CN1CC(CC2C1CC3=CN(C4=CC=CC2=C34)C)CNC(=O)OCC5=CC=CC=C5
CID100069512,malvidin,1798,Malacidin B,0.7368,CHEBI:140174,132282519.0,CCC(C)CCC=CC=CC(=O)NC(C(C)C(=O)O)C(=O)NC1C(NC(=O)C2CC(CN2C(=O)C(NC(=O)C(NC(=O)CNC(=O)C(NC(=O)C(NC(=O)C(NC(=O)C(NC1=O)C(C)C)CCCCN)C(C(=O)O)O)CC(=O)O)C(C)C(=O)O)C(C)C)C)C
CID100158786,pegaptanib,2244,Pazopanib,0.7368,CHEBI:71219,10113978.0,CC1=C(C=C(C=C1)NC2=NC=CC(=N2)N(C)C3=CC4=NN(C(=C4C=C3)C)C)S(=O)(=O)N
CID100216258,Colimycin,572,Carbomycin,0.7368,,5287879.0,CC1CC(C(C(C(CC(=O)OC(CC2C(O2)C=CC1=O)C)OC(=O)C)OC)OC3C(C(C(C(O3)C)OC4CC(C(C(O4)C)OC(=O)CC(C)C)(C)O)N(C)C)O)CC=O
CID100216258,Colimycin,782,Colchicine,0.7368,CHEBI:27882,6167.0,CC(=O)NC1CCC2=CC(=C(C(=C2C3=CC=C(C(=O)C=C13)OC)OC)OC)OC
CID105381226,rifampicin,2575,Rifaximin,0.7368,CHEBI:75246,6436173.0,CC1C=CC=C(C(=O)NC2=C(C3=C(C4=C(C(=C3O)C)OC(C4=O)(OC=CC(C(C(C(C(C(C1O)C)O)C)OC(=O)C)C)OC)C)C5=C2N6C=CC(=CC6=N5)C)O)C
CID106102852,gadobutrol,145,Albuterol,0.7368,CHEBI:2549,2083.0,CC(C)(C)NCC(C1=CC(=C(C=C1)O)CO)O
CID106437075,Timentin,3006,Trimebutine,0.7368,CHEBI:94458,5573.0,CCC(COC(=O)C1=CC(=C(C(=C1)OC)OC)OC)(C2=CC=CC=C2)N(C)C
CID116156130,exenatide,919,Dexetimide,0.7368,CHEBI:135531,30843.0,C1CN(CCC1C2(CCC(=O)NC2=O)C3=CC=CC=C3)CC4=CC=CC=C4
CID116220172,ivacaftor,1771,Lumacaftor,0.7368,CHEBI:90951,16678941.0,CC1=C(N=C(C=C1)NC(=O)C2(CC2)C3=CC4=C(C=C3)OC(O4)(F)F)C5=CC(=CC=C5)C(=O)O
CID116220172,ivacaftor,2880,Tezacaftor,0.7368,CHEBI:234517,46199646.0,CC(C)(CO)C1=CC2=CC(=C(C=C2N1CC(CO)O)F)NC(=O)C3(CC3)C4=CC5=C(C=C4)OC(O5)(F)F
CID117754772,ruxolitinib,328,Axitinib,0.7368,CHEBI:66910,6450551.0,CNC(=O)C1=CC=CC=C1SC2=CC3=C(C=C2)C(=NN3)C=CC4=CC=CC=N4
CID156603655,pegaptanib,2244,Pazopanib,0.7368,CHEBI:71219,10113978.0,CC1=C(C=C(C=C1)NC2=NC=CC(=N2)N(C)C3=CC4=NN(C(=C4C=C3)C)C)S(=O)(=O)N
CID100002914,cyproterone,821,Cyproterone acetate,0.7333,CHEBI:50743,9880.0,CC(=O)C1(CCC2C1(CCC3C2C=C(C4=CC(=O)C5CC5C34C)Cl)C)OC(=O)C
CID100003015,cyproterone,821,Cyproterone acetate,0.7333,CHEBI:50743,9880.0,CC(=O)C1(CCC2C1(CCC3C2C=C(C4=CC(=O)C5CC5C34C)Cl)C)OC(=O)C
CID100003392,flurandrenolone,1336,Fluprednisolone,0.7333,CHEBI:34474,5876.0,CC12CC(C3C(C1CCC2(C(=O)CO)O)CC(C4=CC(=O)C=CC34C)F)O
CID100004036,meclofenamate,1825,Meclofenamic acid,0.7333,CHEBI:6710,4037.0,CC1=C(C(=C(C=C1)Cl)NC2=CC=CC=C2C(=O)O)Cl
CID100004120,N-methylscopolamine,2652,Scopolamine,0.7333,CHEBI:16794,3000322.0,CN1C2CC(CC1C3C2O3)OC(=O)C(CO)C4=CC=CC=C4
CID100157429,gadopentetate,1402,Gadopentetic acid,0.7333,CHEBI:35778,6857474.0,C(CN(CC(=O)O)CC(=O)[O-])N(CCN(CC(=O)O)CC(=O)[O-])CC(=O)[O-].[Gd+3]
CID109810131,ceftaroline,636,Ceftaroline fosamil,0.7333,CHEBI:70718,9852981.0,CCON=C(C1=NSC(=N1)NP(=O)(O)O)C(=O)NC2C3N(C2=O)C(=C(CS3)SC4=NC(=CS4)C5=CC=[N+](C=C5)C)C(=O)[O-]
CID100001125,tetrahydrobiopterin,2874,Tetrahydrocannabivarin,0.7317,,93147.0,CCCC1=CC(=C2C3C=C(CCC3C(OC2=C1)(C)C)C)O
CID103081276,fluticasone/salmeterol,1345,Fluticasone furoate,0.7317,CHEBI:74899,9854489.0,CC1CC2C3CC(C4=CC(=O)C=CC4(C3(C(CC2(C1(C(=O)SCF)OC(=O)C5=CC=CO5)C)O)F)C)F
CID100000159,prostacyclin,2481,Prostalene,0.7273,,6436031.0,CCCCCC(C)(C=CC1C(CC(C1CC=C=CCCC(=O)OC)O)O)O
CID100000767,bicarbonate,1546,Ibandronate,0.7273,,60852.0,CCCCCN(C)CCC(O)(P(=O)(O)O)P(=O)(O)O
CID100000785,quinol,1149,Equol,0.7273,CHEBI:34741,91469.0,C1C(COC2=C1C=CC(=C2)O)C3=CC=C(C=C3)O
CID100000961,hydroxyl,1534,Hydroxyfasudil,0.7273,,3064778.0,C1CNCCN(C1)S(=O)(=O)C2=CC=CC3=C2C=CNC3=O
CID100001805,5-azacytidine,332,Azatadine,0.7273,CHEBI:2946,19861.0,CN1CCC(=C2C3=CC=CC=C3CCC4=C2N=CC=C4)CC1
CID100002153,theophylline,1065,Dyphylline,0.7273,CHEBI:4728,3182.0,CN1C2=C(C(=O)N(C1=O)C)N(C=N2)CC(CO)O
CID100002800,clomiphene,753,Clomipramine,0.7273,CHEBI:47780,2801.0,CN(C)CCCN1C2=CC=CC=C2CCC3=C1C=C(C=C3)Cl
CID100003367,fludarabine,744,Clofarabine,0.7273,CHEBI:681569,119182.0,C1=NC2=C(N=C(N=C2N1C3C(C(C(O3)CO)O)F)Cl)N
CID100003367,fludarabine,1314,Flunarizine,0.7273,CHEBI:135652,941361.0,C1CN(CCN1CC=CC2=CC=CC=C2)C(C3=CC=C(C=C3)F)C4=CC=C(C=C4)F
CID100003368,FAMP,1234,Famphur,0.7273,CHEBI:38677,5859.0,CN(C)S(=O)(=O)C1=CC=C(C=C1)OP(=S)(OC)OC
CID100004032,mecamylamine,1859,Mepyramine,0.7273,CHEBI:6762,4992.0,CN(C)CCN(CC1=CC=C(C=C1)OC)C2=CC=CC=N2
CID100004032,mecamylamine,1865,Mesalazine,0.7273,CHEBI:6775,4075.0,C1=CC(=C(C=C1N)C(=O)O)O
CID100004205,mirtazapine,1860,Mequitazine,0.7273,CHEBI:31821,4066.0,C1CN2CCC1C(C2)CN3C4=CC=CC=C4SC5=CC=CC=C53
CID100004673,pamidronate,1546,Ibandronate,0.7273,,60852.0,CCCCCN(C)CCC(O)(P(=O)(O)O)P(=O)(O)O
CID100004891,praziquantel,261,Apaziquone,0.7273,CHEBI:177558,5813717.0,CN1C(=C(C2=C1C(=O)C=C(C2=O)N3CC3)CO)C=CCO
CID100004932,propafenone,2453,Profenamine,0.7273,CHEBI:313639,3290.0,CCN(CC)C(C)CN1C2=CC=CC=C2SC3=CC=CC=C31
CID100047319,atracurium,2535,Rapacuronium,0.7273,CHEBI:135845,5311399.0,CCC(=O)OC1C(CC2C1(CCC3C2CCC4C3(CC(C(C4)OC(=O)C)N5CCCCC5)C)C)[N+]6(CCCCC6)CC=C
CID100060936,tiludronate,1546,Ibandronate,0.7273,,60852.0,CCCCCN(C)CCC(O)(P(=O)(O)O)P(=O)(O)O
CID100123610,Eptifibatide,1211,Etofibrate,0.7273,CHEBI:135535,65777.0,CC(C)(C(=O)OCCOC(=O)C1=CN=CC=C1)OC2=CC=C(C=C2)Cl
CID100160036,MnDPDP,831,DPDPE,0.7273,CHEBI:73356,104787.0,CC1(C(C(=O)NCC(=O)NC(C(=O)NC(C(SS1)(C)C)C(=O)O)CC2=CC=CC=C2)NC(=O)C(CC3=CC=C(C=C3)O)N)C
CID100166548,Anidulafungin,89,Abafungin,0.7273,CHEBI:76005,159326.0,CC1=CC(=C(C=C1)OC2=CC=CC=C2C3=CSC(=N3)NC4=NCCCN4)C
CID100192155,Prednefrin,2117,Norfenefrine,0.7273,CHEBI:134779,4538.0,C1=CC(=CC(=C1)O)C(CN)O
CID100216416,lasofoxifene,2525,Raloxifene,0.7273,CHEBI:8772,5035.0,C1CCN(CC1)CCOC2=CC=C(C=C2)C(=O)C3=C(SC4=C3C=CC(=C4)O)C5=CC=C(C=C5)O
CID100455658,hemin,1103,Emodin,0.7273,CHEBI:42223,3220.0,CC1=CC2=C(C(=C1)O)C(=O)C3=C(C2=O)C=C(C=C3O)O
CID109810131,ceftaroline,524,Cabergoline,0.7273,CHEBI:3286,54746.0,CCNC(=O)N(CCCN(C)C)C(=O)C1CC2C(CC3=CNC4=CC=CC2=C34)N(C1)CC=C
CID116134956,liraglutide,1723,Linaclotide,0.7273,CHEBI:68551,16158208.0,CC1C(=O)NC2CSSCC3C(=O)NC(C(=O)NC(C(=O)NC(CSSCC(NC(=O)CNC(=O)C(NC2=O)C(C)O)C(=O)NC(CC4=CC=C(C=C4)O)C(=O)O)C(=O)NC(CSSCC(C(=O)N3)N)C(=O)NC(C(=O)N5CCCC5C(=O)N1)CC(=O)N)CC6=CC=C(C=C6)O)CCC(=O)O
CID116134956,liraglutide,2665,Semaglutide,0.7273,CHEBI:167574,56843331.0,CCC(C)C(C(=O)NC(C)C(=O)NC(CC1=CNC2=CC=CC=C21)C(=O)NC(CC(C)C)C(=O)NC(C(C)C)C(=O)NC(CCCNC(=N)N)C(=O)NCC(=O)NC(CCCNC(=N)N)C(=O)NCC(=O)O)NC(=O)C(CC3=CC=CC=C3)NC(=O)C(CCC(=O)O)NC(=O)C(CCCCNC(=O)COCCOCCNC(=O)COCCOCCNC(=O)CCC(C(=O)O)NC(=O)CCCCCCCCCCCCCCCCC(=O)O)NC(=O)C(C)NC(=O)C(C)NC(=O)C(CCC(=O)N)NC(=O)CNC(=O)C(CCC(=O)O)NC(=O)C(CC(C)C)NC(=O)C(CC4=CC=C(C=C4)O)NC(=O)C(CO)NC(=O)C(CO)NC(=O)C(C(C)C)NC(=O)C(CC(=O)O)NC(=O)C(CO)NC(=O)C(C(C)O)NC(=O)C(CC5=CC=CC=C5)NC(=O)C(C(C)O)NC(=O)CNC(=O)C(CCC(=O)O)NC(=O)C(C)(C)NC(=O)C(CC6=CN=CN6)N
CID116139605,teduglutide,2665,Semaglutide,0.7273,CHEBI:167574,56843331.0,CCC(C)C(C(=O)NC(C)C(=O)NC(CC1=CNC2=CC=CC=C21)C(=O)NC(CC(C)C)C(=O)NC(C(C)C)C(=O)NC(CCCNC(=N)N)C(=O)NCC(=O)NC(CCCNC(=N)N)C(=O)NCC(=O)O)NC(=O)C(CC3=CC=CC=C3)NC(=O)C(CCC(=O)O)NC(=O)C(CCCCNC(=O)COCCOCCNC(=O)COCCOCCNC(=O)CCC(C(=O)O)NC(=O)CCCCCCCCCCCCCCCCC(=O)O)NC(=O)C(C)NC(=O)C(C)NC(=O)C(CCC(=O)N)NC(=O)CNC(=O)C(CCC(=O)O)NC(=O)C(CC(C)C)NC(=O)C(CC4=CC=C(C=C4)O)NC(=O)C(CO)NC(=O)C(CO)NC(=O)C(C(C)C)NC(=O)C(CC(=O)O)NC(=O)C(CO)NC(=O)C(C(C)O)NC(=O)C(CC5=CC=CC=C5)NC(=O)C(C(C)O)NC(=O)CNC(=O)C(CCC(=O)O)NC(=O)C(C)(C)NC(=O)C(CC6=CN=CN6)N
CID117754772,ruxolitinib,95,Abrocitinib,0.7273,,78323835.0,CCCS(=O)(=O)NC1CC(C1)N(C)C2=NC=NC3=C2C=CN3
CID144201342,tesamorelin,1789,Macimorelin,0.7273,,9804938.0,CC(C)(C(=O)NC(CC1=CNC2=CC=CC=C21)C(=O)NC(CC3=CNC4=CC=CC=C43)NC=O)N
CID144201343,ecallantide,2388,Plecanatide,0.7273,,70693500.0,CC1C(=O)NC2CSSCC(C(=O)NC(C(=O)NC(C(=O)NC(CSSCC(NC(=O)CNC(=O)C(NC2=O)C(C)O)C(=O)NC(CC(C)C)C(=O)O)C(=O)NC(C(=O)NC(C(=O)NC(C(=O)N1)C(C)C)CC(=O)N)C(C)C)CC(C)C)CCC(=O)O)NC(=O)C(CCC(=O)O)NC(=O)C(CC(=O)O)NC(=O)C(CC(=O)N)N
CID100002442,bromhexine,483,Brompheniramine,0.72,CHEBI:3183,6834.0,CN(C)CCC(C1=CC=C(C=C1)Br)C2=CC=CC=N2
CID100003209,eicosapentaenoic,1554,Icosapent,0.72,CHEBI:28364,446284.0,CCC=CCC=CCC=CCC=CCC=CCCCC(=O)O
CID100003392,flurandrenolone,2036,Nandrolone,0.72,CHEBI:7466,9904.0,CC12CCC3C(C1CCC2O)CCC4=CC(=O)CCC34
CID100003394,flurbiprofen,1318,Flunoxaprofen,0.72,CHEBI:76154,68869.0,CC(C1=CC2=C(C=C1)OC(=N2)C3=CC=C(C=C3)F)C(=O)O
CID100004932,propafenone,2475,Propyphenazone,0.72,CHEBI:135538,3778.0,CC1=C(C(=O)N(N1C)C2=CC=CC=C2)C(C)C
CID100007638,monobenzone,214,Aminophenazone,0.72,CHEBI:160246,6009.0,CC1=C(C(=O)N(N1C)C2=CC=CC=C2)N(C)C
CID100012453,zuclopenthixol,1330,Flupentixol,0.72,CHEBI:10454,5281881.0,C1CN(CCN1CCC=C2C3=CC=CC=C3SC4=C2C=C(C=C4)C(F)(F)F)CCO
CID170695640,colestyramine,1177,Estramustine,0.72,CHEBI:4868,259331.0,CC12CCC3C(C1CCC2O)CCC4=C3C=CC(=C4)OC(=O)N(CCCl)CCCl
CID100000937,niacin,207,Amikacin,0.7143,CHEBI:2637,37768.0,C1C(C(C(C(C1NC(=O)C(CCN)O)OC2C(C(C(C(O2)CO)O)N)O)O)OC3C(C(C(C(O3)CN)O)O)O)N
CID100000937,niacin,1118,Enoxacin,0.7143,CHEBI:157175,3229.0,CCN1C=C(C(=O)C2=CC(=C(N=C21)N3CCNCC3)F)C(=O)O
CID100000937,niacin,2073,Nicotine,0.7143,CHEBI:17688,89594.0,CN1CCCC1C2=CN=CC=C2
CID100001071,retinol,1189,Ethanol,0.7143,CHEBI:16236,702.0,CCO
CID100001990,acetohydroxamic,110,Acetohexamide,0.7143,CHEBI:28052,1989.0,CC(=O)C1=CC=C(C=C1)S(=O)(=O)NC(=O)NC2CCCCC2
CID100003158,doxepin,978,Digoxin,0.7143,CHEBI:4551,2724385.0,CC1C(C(CC(O1)OC2C(OC(CC2O)OC3C(OC(CC3O)OC4CCC5(C(C4)CCC6C5CC(C7(C6(CCC7C8=CC(=O)OC8)O)C)O)C)C)C)O)O
CID100004727,D-penicillamine,2298,Pheneticillin,0.7143,CHEBI:52427,272833.0,CC(C(=O)NC1C2N(C1=O)C(C(S2)(C)C)C(=O)O)OC3=CC=CC=C3
CID100012620,Tadenan,132,Adenine,0.7143,CHEBI:16708,190.0,C1=NC2=NC=NC(=C2N1)N
CID100062819,Metrodin,1103,Emodin,0.7143,CHEBI:42223,3220.0,CC1=CC2=C(C(=C1)O)C(=O)C3=C(C2=O)C=C(C=C3O)O
CID109815559,trans,2973,Tranilast,0.7143,CHEBI:77572,5282230.0,COC1=C(C=C(C=C1)C=CC(=O)NC2=CC=CC=C2C(=O)O)OC
CID109831414,Lovaza,737,Clobazam,0.7143,CHEBI:31413,2789.0,CN1C(=O)CC(=O)N(C2=C1C=CC(=C2)Cl)C3=CC=CC=C3
CID109831783,Stalevo,2710,Sotalol,0.7143,CHEBI:63622,5253.0,CC(C)NCC(C1=CC=C(C=C1)NS(=O)(=O)C)O
CID116129672,Insulin,1161,Esculin,0.7143,CHEBI:4853,5281417.0,C1=CC(=O)OC2=CC(=C(C=C21)OC3C(C(C(C(O3)CO)O)O)O)O
CID116129672,Insulin,1599,Inosine,0.7143,CHEBI:17596,135398641.0,C1=NC2=C(C(=O)N1)N=CN2C3C(C(C(O3)CO)O)O
CID116137271,insulin,1161,Esculin,0.7143,CHEBI:4853,5281417.0,C1=CC(=O)OC2=CC(=C(C=C21)OC3C(C(C(C(O3)CO)O)O)O)O
CID116137271,insulin,1599,Inosine,0.7143,CHEBI:17596,135398641.0,C1=NC2=C(C(=O)N1)N=CN2C3C(C(C(O3)CO)O)O
CID100358641,trimethoprim-sulfamethoxazole,2755,Sulfamethoxazole,0.7111,CHEBI:9332,5329.0,CC1=CC(=NO1)NS(=O)(=O)C2=CC=C(C=C2)N
CID100000767,bicarbonate,226,Ammonium bicarbonate,0.7097,CHEBI:184335,14013.0,C(=O)(O)[O-].[NH4+]
CID100000861,triiodothyronine,941,Dextrothyroxine,0.7097,CHEBI:30659,8730.0,C1=C(C=C(C(=C1I)OC2=CC(=C(C(=C2)I)O)I)I)CC(C(=O)O)N
CID100004786,phenylpropanolamine,2321,Phentolamine,0.7097,CHEBI:8081,5775.0,CC1=CC=C(C=C1)N(CC2=NCCN2)C3=CC(=CC=C3)O
CID100000232,arginine,294,Articaine,0.7059,CHEBI:91834,32170.0,CCCNC(C)C(=O)NC1=C(SC=C1C)C(=O)OC
CID100000297,graphene,1157,Ertapenem,0.7059,CHEBI:404903,150610.0,CC1C2C(C(=O)N2C(=C1SC3CC(NC3)C(=O)NC4=CC=CC(=C4)C(=O)O)C(=O)O)C(C)O
CID100000785,quinol,2507,Quinagolide,0.7059,CHEBI:135627,3086401.0,CCCN1CC(CC2C1CC3=C(C2)C(=CC=C3)O)NS(=O)(=O)N(CC)CC
CID100000861,triiodothyronine,48,"3,5-Diiodotyrosine",0.7059,,6181.0,C1=C(C=C(C(=C1I)O)I)CC(C(=O)O)N
CID100001134,thymidine,2887,Thiamine,0.7059,CHEBI:18385,1130.0,CC1=C(SC=[N+]1CC2=CN=C(N=C2N)C)CCO
CID100002520,verapamil,1104,Emopamil,0.7059,,25202343.0,CC(C)C(CCC[NH+](C)CCC1=CC=CC=C1)(C#N)C2=CC=CC=C2
CID100002767,cisplatin,2386,Platinum,0.7059,CHEBI:33364,23939.0,[Pt]
CID100003155,dothiepin,3161,Zotepine,0.7059,CHEBI:32316,5736.0,CN(C)CCOC1=CC2=CC=CC=C2SC3=C1C=C(C=C3)Cl
CID100003308,etodolac,1223,Etynodiol,0.7059,CHEBI:50785,14687.0,CC12CCC3C(C1CCC2(C#C)O)CCC4=CC(CCC34)O
CID100003517,icodextrin,781,Codeine,0.7059,CHEBI:16714,5284371.0,CN1CCC23C4C1CC5=C2C(=C(C=C5)OC)OC3C(C=C4)O
CID100003734,iopamidol,1104,Emopamil,0.7059,,25202343.0,CC(C)C(CCC[NH+](C)CCC1=CC=CC=C1)(C#N)C2=CC=CC=C2
CID100003734,iopamidol,3130,Xipamide,0.7059,CHEBI:135499,26618.0,CC1=C(C(=CC=C1)C)NC(=O)C2=CC(=C(C=C2O)Cl)S(=O)(=O)N
CID100003738,iotrolan,1565,Ifetroban,0.7059,CHEBI:188730,3037233.0,CCCCCNC(=O)C1=COC(=N1)C2C3CCC(C2CC4=CC=CC=C4CCC(=O)O)O3
CID100003738,iotrolan,3020,Trolamine,0.7059,CHEBI:28621,7618.0,C(CO)N(CCO)CCO
CID100003998,mafenide,231,Amonafide,0.7059,CHEBI:94661,50515.0,CN(C)CCN1C(=O)C2=CC=CC3=CC(=CC(=C32)C1=O)N
CID100004178,mexiletine,1101,Emetine,0.7059,CHEBI:4781,10219.0,CCC1CN2CCC3=CC(=C(C=C3C2CC1CC4C5=CC(=C(C=C5CCN4)OC)OC)OC)OC
CID100004695,isosulfan,505,Busulfan,0.7059,CHEBI:28901,2478.0,CS(=O)(=O)OCCCCOS(=O)(=O)C
CID100005538,retinoic,1353,Foretinib,0.7059,CHEBI:91418,42642645.0,COC1=CC2=C(C=CN=C2C=C1OCCCN3CCOCC3)OC4=C(C=C(C=C4)NC(=O)C5(CC5)C(=O)NC6=CC=C(C=C6)F)F
CID100008197,tetraen,1840,Melitracen,0.7059,CHEBI:135214,25382.0,CC1(C2=CC=CC=C2C(=CCCN(C)C)C3=CC=CC=C31)C
CID100008197,tetraen,2871,Tetracaine,0.7059,CHEBI:9468,5411.0,CCCCNC1=CC=C(C=C1)C(=O)OCCN(C)C
CID100008197,tetraen,2877,Tetrazepam,0.7059,CHEBI:135198,25215.0,CN1C(=O)CN=C(C2=C1C=CC(=C2)Cl)C3=CCCCC3
CID100011973,Brolene,425,Bexarotene,0.7059,CHEBI:50859,82146.0,CC1=CC2=C(C=C1C(=C)C3=CC=C(C=C3)C(=O)O)C(CCC2(C)C)(C)C
CID100011973,Brolene,847,Dantrolene,0.7059,,6914273.0,C1C(=O)NC(=O)N1N=CC2=CC=C(O2)C3=CC=C(C=C3)[N+](=O)[O-]
CID100012620,Tadenan,2693,Sitaxentan,0.7059,CHEBI:135736,216235.0,CC1=CC2=C(C=C1CC(=O)C3=C(C=CS3)S(=O)(=O)NC4=C(C(=NO4)C)Cl)OCO2
CID100023926,lanthanum,2386,Platinum,0.7059,CHEBI:33364,23939.0,[Pt]
CID100023993,yttrium,2928,Tiotropium,0.7059,CHEBI:90960,5487427.0,C[N+]1(C2CC(CC1C3C2O3)OC(=O)C(C4=CC=CS4)(C5=CC=CS5)O)C
CID100025959,Prussian,1783,Lypressin,0.7059,CHEBI:94802,644076.0,C1CC(N(C1)C(=O)C2CSSCC(C(=O)NC(C(=O)NC(C(=O)NC(C(=O)NC(C(=O)N2)CC(=O)N)CCC(=O)N)CC3=CC=CC=C3)CC4=CC=C(C=C4)O)N)C(=O)NC(CCCCN)C(=O)NCC(=O)N
CID100037720,pentosan,2327,Phenytoin,0.7059,CHEBI:8107,1775.0,C1=CC=C(C=C1)C2(C(=O)NC(=O)N2)C3=CC=CC=C3
CID100057166,Photofrin,1195,Ethotoin,0.7059,CHEBI:4888,3292.0,CCN1C(=O)C(NC1=O)C2=CC=CC=C2
CID100069512,malvidin,196,Alvocidib,0.7059,CHEBI:47344,5287969.0,CN1CCC(C(C1)O)C2=C(C=C(C3=C2OC(=CC3=O)C4=CC=CC=C4Cl)O)O
CID100083606,strontium,3026,Trospium,0.7059,CHEBI:145791,5284632.0,C1CC[N+]2(C1)C3CCC2CC(C3)OC(=O)C(C4=CC=CC=C4)(C5=CC=CC=C5)O
CID100122316,rasagiline,252,Aniline,0.7059,CHEBI:17296,6115.0,C1=CC=C(C=C1)N
CID100157921,methyl,1923,Methyprylon,0.7059,CHEBI:31837,4162.0,CCC1(C(=O)C(CNC1=O)C)CC
CID100168924,lanthanum,2386,Platinum,0.7059,CHEBI:33364,23939.0,[Pt]
CID103086257,Photofrin,1195,Ethotoin,0.7059,CHEBI:4888,3292.0,CCN1C(=O)C(NC1=O)C2=CC=CC=C2
CID105001396,warfarin,2021,Nafarelin,0.7059,,25077405.0,CC(C)CC(C(=O)NC(CCCN=C(N)N)C(=O)N1CCCC1C(=O)NCC(=O)N)NC(=O)C(CC2=CC3=CC=CC=C3C=C2)NC(=O)C(CC4=CC=C(C=C4)O)NC(=O)C(CO)NC(=O)C(CC5=CNC6=CC=CC=C65)NC(=O)C(CC7=CN=CN7)NC(=O)C8CCC(=O)N8
CID105360237,Paroven,589,Caroverine,0.7059,CHEBI:135541,65709.0,CCN(CC)CCN1C2=CC=CC=C2N=C(C1=O)CC3=CC=C(C=C3)OC
CID105360237,Paroven,2240,Paroxetine,0.7059,CHEBI:7936,43815.0,C1CNCC(C1C2=CC=C(C=C2)F)COC3=CC4=C(C=C3)OCO4
CID105487068,Mersyndol,1864,Mersalyl,0.7059,,9806195.0,COC(CNC(=O)C1=CC=CC=C1OCC(=O)[O-])C[Hg+].[OH-].[Na+]
CID106437075,Timentin,1844,Memantine,0.7059,CHEBI:64312,4054.0,CC12CC3CC(C1)(CC(C3)(C2)N)C
CID111672461,gadofosveset,1401,Gadofosveset trisodium,0.7059,,73049652.0,C1CC(CCC1OP(=O)([O-])OCC(CN(CCN(CC(=O)[O-])CC(=O)[O-])CC(=O)[O-])N(CC(=O)[O-])CC(=O)[O-])(C2=CC=CC=C2)C3=CC=CC=C3.[Na+].[Na+].[Na+].[Gd+3]
CID116131215,Abarelix,875,Degarelix,0.7059,CHEBI:135961,16136245.0,CC(C)CC(C(=O)NC(CCCCNC(C)C)C(=O)N1CCCC1C(=O)NC(C)C(=O)N)NC(=O)C(CC2=CC=C(C=C2)NC(=O)N)NC(=O)C(CC3=CC=C(C=C3)NC(=O)C4CC(=O)NC(=O)N4)NC(=O)C(CO)NC(=O)C(CC5=CN=CC=C5)NC(=O)C(CC6=CC=C(C=C6)Cl)NC(=O)C(CC7=CC8=CC=CC=C8C=C7)NC(=O)C
CID116131215,Abarelix,2021,Nafarelin,0.7059,,25077405.0,CC(C)CC(C(=O)NC(CCCN=C(N)N)C(=O)N1CCCC1C(=O)NCC(=O)N)NC(=O)C(CC2=CC3=CC=CC=C3C=C2)NC(=O)C(CC4=CC=C(C=C4)O)NC(=O)C(CO)NC(=O)C(CC5=CNC6=CC=CC=C65)NC(=O)C(CC7=CN=CN7)NC(=O)C8CCC(=O)N8
CID116132441,Refludan,1114,Enflurane,0.7059,CHEBI:4792,3226.0,C(C(OC(F)F)(F)F)(F)Cl
CID122834577,nesiritide,2097,Nitrite,0.7059,CHEBI:16301,946.0,N(=O)[O-]
CID144564722,Promacta,2363,Piracetam,0.7059,CHEBI:32010,4843.0,C1CC(=O)N(C1)CC(=O)N
CID153477714,heparin,1494,Hesperetin,0.7059,CHEBI:28230,72281.0,COC1=C(C=C(C=C1)C2CC(=O)C3=C(C=C(C=C3O2)O)O)O
CID100000143,leucovorin,1321,Fluocortin,0.7,CHEBI:182409,22875828.0,CC1CC2C3CC(C4=CC(=O)C=CC4(C3C(CC2(C1C(=O)C(=O)O)C)O)C)F
CID100002168,amorolfine,218,Amiodarone,0.7,CHEBI:2663,2157.0,CCCCC1=C(C2=CC=CC=C2O1)C(=O)C3=CC(=C(C(=C3)I)OCCN(CC)CC)I
CID100002883,crotamiton,1154,Ergotamine,0.7,CHEBI:64318,8223.0,CC1(C(=O)N2C(C(=O)N3CCCC3C2(O1)O)CC4=CC=CC=C4)NC(=O)C5CN(C6CC7=CNC8=CC=CC(=C78)C6=C5)C
CID100003121,valproate,97,Acamprosate,0.7,CHEBI:51041,71158.0,CC(=O)NCCCS(=O)(=O)O
CID100003155,dothiepin,772,Clothiapine,0.7,CHEBI:31424,16351.0,CN1CCN(CC1)C2=NC3=CC=CC=C3SC4=C2C=C(C=C4)Cl
CID100003250,ergonovine,1154,Ergotamine,0.7,CHEBI:64318,8223.0,CC1(C(=O)N2C(C(=O)N3CCCC3C2(O1)O)CC4=CC=CC=C4)NC(=O)C5CN(C6CC7=CNC8=CC=CC(=C78)C6=C5)C
CID100003777,isopropyl,1963,Misoprostol,0.7,CHEBI:94387,5282381.0,CCCCC(C)(CC=CC1C(CC(=O)C1CCCCCCC(=O)OC)O)O
CID100004046,mefloquine,1313,Flumequine,0.7,CHEBI:85269,3374.0,CC1CCC2=C3N1C=C(C(=O)C3=CC(=C2)F)C(=O)O
CID100004046,mefloquine,1932,Metocurine,0.7,CHEBI:6900,21233.0,C[N+]1(CCC2=CC(=C3C=C2C1CC4=CC=C(C=C4)OC5=C6C(CC7=CC(=C(C=C7)OC)O3)[N+](CCC6=CC(=C5OC)OC)(C)C)OC)C
CID100004178,mexiletine,1206,Etilefrine,0.7,CHEBI:91518,3306.0,CCNCC(C1=CC(=CC=C1)O)O
CID100004178,mexiletine,2917,Tiletamine,0.7,CHEBI:94356,26533.0,CCNC1(CCCCC1=O)C2=CC=CS2
CID100004205,mirtazapine,1958,Minaprine,0.7,CHEBI:51038,4199.0,CC1=CC(=NN=C1NCCN2CCOCC2)C3=CC=CC=C3
CID100004236,modafinil,1962,Mirodenafil,0.7,CHEBI:136049,135497803.0,CCCC1=CN(C2=C1N=C(NC2=O)C3=C(C=CC(=C3)S(=O)(=O)N4CCN(CC4)CCO)OCCC)CC
CID100004274,tetrofosmin,1879,Metformin,0.7,CHEBI:6801,4091.0,CN(C)C(=N)N=C(N)N
CID100004274,tetrofosmin,2851,Terazosin,0.7,CHEBI:9445,5401.0,COC1=C(C=C2C(=C1)C(=NC(=N2)N3CCN(CC3)C(=O)C4CCCO4)N)OC
CID100004673,pamidronate,2222,Palmidrol,0.7,CHEBI:71464,4671.0,CCCCCCCCCCCCCCCC(=O)NCCO
CID100004891,praziquantel,2273,Perazine,0.7,CHEBI:59118,4744.0,CN1CCN(CC1)CCCN2C3=CC=CC=C3SC4=CC=CC=C42
CID100005538,retinoic,164,Alitretinoin,0.7,CHEBI:50648,449171.0,CC1=C(C(CCC1)(C)C)C=CC(=CC=CC(=CC(=O)O)C)C
CID100006451,bromcresol,478,Bromisoval,0.7,CHEBI:77043,2447.0,CC(C)C(C(=O)NC(=O)N)Br
CID100007638,monobenzone,391,Benzilone,0.7,CHEBI:135496,66248.0,CC[N+]1(CCC(C1)OC(=O)C(C2=CC=CC=C2)(C3=CC=CC=C3)O)CC
CID100023982,gadolinium,123,Aclidinium,0.7,CHEBI:65346,11434515.0,C1C[N+]2(CCC1C(C2)OC(=O)C(C3=CC=CS3)(C4=CC=CS4)O)CCCOC5=CC=CC=C5
CID100036523,gonadorelin,1462,Goserelin,0.7,CHEBI:5523,5311128.0,CC(C)CC(C(=O)NC(CCCN=C(N)N)C(=O)N1CCCC1C(=O)NNC(=O)N)NC(=O)C(COC(C)(C)C)NC(=O)C(CC2=CC=C(C=C2)O)NC(=O)C(CO)NC(=O)C(CC3=CNC4=CC=CC=C43)NC(=O)C(CC5=CN=CN5)NC(=O)C6CCC(=O)N6
CID100036523,gonadorelin,1473,Guanadrel,0.7,CHEBI:5555,38521.0,C1CCC2(CC1)OCC(O2)CN=C(N)N
CID100036523,gonadorelin,2021,Nafarelin,0.7,,25077405.0,CC(C)CC(C(=O)NC(CCCN=C(N)N)C(=O)N1CCCC1C(=O)NCC(=O)N)NC(=O)C(CC2=CC3=CC=CC=C3C=C2)NC(=O)C(CC4=CC=C(C=C4)O)NC(=O)C(CO)NC(=O)C(CC5=CNC6=CC=CC=C65)NC(=O)C(CC7=CN=CN7)NC(=O)C8CCC(=O)N8
CID100037720,pentosan,2321,Phentolamine,0.7,CHEBI:8081,5775.0,CC1=CC=C(C=C1)N(CC2=NCCN2)C3=CC(=CC=C3)O
CID100038904,carboplatin,568,Carbidopa,0.7,CHEBI:39585,34359.0,CC(CC1=CC(=C(C=C1)O)O)(C(=O)O)NN
CID100041684,nitazoxanide,1559,Idazoxan,0.7,CHEBI:5862,54459.0,C1CN=C(N1)C2COC3=CC=CC=C3O2
CID100044563,lodoxamide,1030,Dopexamine,0.7,CHEBI:135507,55483.0,C1=CC=C(C=C1)CCNCCCCCCNCCC2=CC(=C(C=C2)O)O
CID100044564,lodoxamide,1030,Dopexamine,0.7,CHEBI:135507,55483.0,C1=CC=C(C=C1)CCNCCCCCCNCCC2=CC(=C(C=C2)O)O
CID100047319,atracurium,150,Alcuronium,0.7,CHEBI:55313,21158560.0,C=CC[N+]12CCC34C1CC(C(=CCO)C2)C5=CN6C7C(=CN(C53)C8=CC=CC=C48)C9CC1C7(CC[N+]1(CC9=CCO)CC=C)C1=CC=CC=C16
CID100054373,Octreotide,1680,Lanreotide,0.7,,6918011.0,CC(C)C1C(=O)NC(CSSCC(C(=O)NC(C(=O)NC(C(=O)NC(C(=O)N1)CCCCN)CC2=CNC3=CC=CC=C32)CC4=CC=C(C=C4)O)NC(=O)C(CC5=CC6=CC=CC=C6C=C5)N)C(=O)NC(C(C)O)C(=O)N
CID100055480,milnacipran,1958,Minaprine,0.7,CHEBI:51038,4199.0,CC1=CC(=NN=C1NCCN2CCOCC2)C3=CC=CC=C3
CID100065840,colestimide,1925,Metiamide,0.7,CHEBI:6896,1548992.0,CC1=C(N=CN1)CSCCNC(=S)NC
CID100083606,strontium,2702,Sofpironium,0.7,,86301317.0,CCOC(=O)C[N+]1(CCC(C1)OC(=O)C(C2CCCC2)(C3=CC=CC=C3)O)C
CID100122316,rasagiline,766,Clorgiline,0.7,CHEBI:3763,4380.0,CN(CCCOC1=C(C=C(C=C1)Cl)Cl)CC#C
CID100122316,rasagiline,2410,Prajmaline,0.7,CHEBI:135560,76959818.0,CCC[N+]12C3CC(C(C1O)CC)C4C2CC5(C3N(C6=CC=CC=C65)C)C4O
CID100135113,sacrosidase,126,Acteoside,0.7,CHEBI:132853,5281800.0,CC1C(C(C(C(O1)OC2C(C(OC(C2OC(=O)C=CC3=CC(=C(C=C3)O)O)CO)OCCC4=CC(=C(C=C4)O)O)O)O)O)O
CID100160051,colesevelam,2677,Sevelamer,0.7,,,
CID100192155,Prednefrin,2318,Phenserine,0.7,,192706.0,CC12CCN(C1N(C3=C2C=C(C=C3)OC(=O)NC4=CC=CC=C4)C)C
CID103081884,copolymer,2652,Scopolamine,0.7,CHEBI:16794,3000322.0,CN1C2CC(CC1C3C2O3)OC(=O)C(CO)C4=CC=CC=C4
CID106102852,gadobutrol,352,Bambuterol,0.7,CHEBI:553827,54766.0,CC(C)(C)NCC(C1=CC(=CC(=C1)OC(=O)N(C)C)OC(=O)N(C)C)O
CID106452749,Locorten,741,Clocortolone,0.7,CHEBI:59582,5311052.0,CC1CC2C3CC(C4=CC(=O)C=CC4(C3(C(CC2(C1C(=O)CO)C)O)Cl)C)F
CID109898619,Depreotide,919,Dexetimide,0.7,CHEBI:135531,30843.0,C1CN(CCC1C2(CCC(=O)NC2=O)C3=CC=CC=C3)CC4=CC=CC=C4
CID109898619,Depreotide,1680,Lanreotide,0.7,,6918011.0,CC(C)C1C(=O)NC(CSSCC(C(=O)NC(C(=O)NC(C(=O)NC(C(=O)N1)CCCCN)CC2=CNC3=CC=CC=C32)CC4=CC=C(C=C4)O)NC(=O)C(CC5=CC6=CC=CC=C6C=C5)N)C(=O)NC(C(C)O)C(=O)N
CID111979316,vasopressin,1783,Lypressin,0.7,CHEBI:94802,644076.0,C1CC(N(C1)C(=O)C2CSSCC(C(=O)NC(C(=O)NC(C(=O)NC(C(=O)NC(C(=O)N2)CC(=O)N)CCC(=O)N)CC3=CC=CC=C3)CC4=CC=C(C=C4)O)N)C(=O)NC(CCCCN)C(=O)NCC(=O)N
CID116129690,ziconotide,2339,Picotamide,0.7,CHEBI:93175,4814.0,COC1=C(C=C(C=C1)C(=O)NCC2=CN=CC=C2)C(=O)NCC3=CN=CC=C3
CID116129690,ziconotide,3150,Zinc oxide,0.7,,3007857.0,[O-2].[Zn+2]
CID116156130,exenatide,1191,Ethenzamide,0.7,CHEBI:31564,3282.0,CCOC1=CC=CC=C1C(=O)N
CID116156130,exenatide,2388,Plecanatide,0.7,,70693500.0,CC1C(=O)NC2CSSCC(C(=O)NC(C(=O)NC(C(=O)NC(CSSCC(NC(=O)CNC(=O)C(NC2=O)C(C)O)C(=O)NC(CC(C)C)C(=O)O)C(=O)NC(C(=O)NC(C(=O)NC(C(=O)N1)C(C)C)CC(=O)N)C(C)C)CC(C)C)CCC(=O)O)NC(=O)C(CCC(=O)O)NC(=O)C(CC(=O)O)NC(=O)C(CC(=O)N)N
CID144201343,ecallantide,362,Beclamide,0.7,CHEBI:134859,10391.0,C1=CC=C(C=C1)CNC(=O)CCCl
CID144201343,ecallantide,1111,Encainide,0.7,CHEBI:4788,48041.0,CN1CCCCC1CCC2=CC=CC=C2NC(=O)C3=CC=C(C=C3)OC
CID144564722,Promacta,2461,Propacetamol,0.7,CHEBI:135089,68865.0,CCN(CC)CC(=O)OC1=CC=C(C=C1)NC(=O)C
